customer_id,full_name,gender,age_group,region,registration_date,email,phone,age,location,occupation,health_goals,dietary_restrictions,preferred_cuisines,preferred_meal_times,cooking_skill_level,budget_range,status
CUS00001,Ngô Thị Giang,Nam,18-24,Đà Nẵng,2/2/2023,,,,,,,,,,,,
CUS00002,Trương Văn Linh,Nam,45-54,Vũng Tàu,11/20/2023,,,,,,,,,,,,
CUS00003,Ngô Thị Oanh,Nam,45-54,Hạ Long,10/12/2023,,,,,,,,,,,,
CUS00004,Phan Thị Tuấn,Nữ,65+,Vũng Tàu,4/30/2024,,,,,,,,,,,,
CUS00005,Hoàng Văn Xuân,Nam,65+,Huế,6/16/2023,,,,,,,,,,,,
CUS00006,Lê Văn Thảo,Nam,65+,Nha Trang,2/24/2024,,,,,,,,,,,,
CUS00007,Ngô Thị Linh,Nữ,25-34,TP.HCM,1/7/2024,,,,,,,,,,,,
CUS00008,Trần Thị Việt,Nữ,18-24,Đà Lạt,2/6/2024,,,,,,,,,,,,
CUS00009,Đặng Thị Sơn,Nam,55-64,TP.HCM,12/3/2023,,,,,,,,,,,,
CUS00010,Phạm Thị Quân,Nữ,35-44,Vũng Tàu,7/3/2023,,,,,,,,,,,,
CUS00011,Lý Thị Linh,Nữ,35-44,Đà Nẵng,7/7/2023,,,,,,,,,,,,
CUS00012,Ngô Thị Xuân,Nam,65+,Hà Nội,9/10/2023,,,,,,,,,,,,
CUS00013,Ngô Thị Oanh,Nam,35-44,Đà Lạt,11/21/2023,,,,,,,,,,,,
CUS00014,Huỳnh Thị Uyên,Nam,35-44,Hải Phòng,5/13/2024,,,,,,,,,,,,
CUS00015,Mai Thị Hương,Nữ,35-44,Hà Nội,12/23/2023,,,,,,,,,,,,
CUS00016,Ngô Thị Hùng,Nữ,35-44,Nha Trang,5/9/2023,,,,,,,,,,,,
CUS00017,Đinh Văn Sơn,Nữ,25-34,Huế,3/25/2024,,,,,,,,,,,,
CUS00018,Dương Văn Linh,Nữ,18-24,Huế,6/23/2023,,,,,,,,,,,,
CUS00019,Hoàng Văn Linh,Nữ,35-44,Vũng Tàu,4/9/2024,,,,,,,,,,,,
CUS00020,Phan Thị Phương,Nam,65+,Hà Nội,1/5/2024,,,,,,,,,,,,
CUS00021,Phan Thị Cường,Nữ,35-44,Cần Thơ,3/7/2023,,,,,,,,,,,,
CUS00022,Bùi Văn Việt,Nữ,65+,Buôn Ma Thuột,7/29/2023,,,,,,,,,,,,
CUS00023,Nguyễn Văn Em,Nam,25-34,Hạ Long,10/24/2023,,,,,,,,,,,,
CUS00024,Đặng Thị Hương,Nam,45-54,Buôn Ma Thuột,3/22/2023,,,,,,,,,,,,
CUS00025,Lê Văn Lan,Nam,18-24,Hải Phòng,11/17/2023,,,,,,,,,,,,
CUS00026,Lê Văn Lan,Nữ,65+,Buôn Ma Thuột,2/18/2023,,,,,,,,,,,,
CUS00027,Huỳnh Thị Hùng,Nữ,25-34,Cần Thơ,2/1/2023,,,,,,,,,,,,
CUS00028,Dương Văn Oanh,Nữ,65+,Nha Trang,5/7/2024,,,,,,,,,,,,
CUS00029,Phạm Thị Hùng,Nữ,25-34,Đà Lạt,2/16/2023,,,,,,,,,,,,
CUS00030,Lê Văn Lan,Nữ,45-54,Nha Trang,5/27/2023,,,,,,,,,,,,
CUS00031,Lý Thị Dung,Nữ,18-24,Buôn Ma Thuột,5/5/2024,,,,,,,,,,,,
CUS00032,Hoàng Văn Em,Nữ,18-24,Nha Trang,8/30/2023,,,,,,,,,,,,
CUS00033,Lý Thị Việt,Nữ,55-64,Hải Phòng,7/9/2023,,,,,,,,,,,,
CUS00034,Mai Thị Linh,Nam,25-34,Vũng Tàu,7/20/2023,,,,,,,,,,,,
CUS00035,Phạm Thị Tuấn,Nữ,45-54,Buôn Ma Thuột,2/10/2024,,,,,,,,,,,,
CUS00036,Trương Văn Sơn,Nữ,25-34,Huế,8/11/2023,,,,,,,,,,,,
CUS00037,Đặng Thị Mai,Nam,35-44,Hà Nội,8/24/2023,,,,,,,,,,,,
CUS00038,Phạm Thị Lan,Nam,25-34,Buôn Ma Thuột,4/15/2024,,,,,,,,,,,,
CUS00039,Nguyễn Văn Yến,Nam,45-54,Cần Thơ,2/11/2023,,,,,,,,,,,,
CUS00040,Huỳnh Thị Thảo,Nam,65+,Đà Nẵng,8/31/2023,,,,,,,,,,,,
CUS00041,Huỳnh Thị Hương,Nam,45-54,Đà Nẵng,3/25/2024,,,,,,,,,,,,
CUS00042,Dương Văn Xuân,Nam,25-34,Đà Lạt,4/18/2023,,,,,,,,,,,,
CUS00043,Phạm Thị Uyên,Nữ,18-24,Hà Nội,2/13/2023,,,,,,,,,,,,
CUS00044,Mai Thị Xuân,Nam,18-24,Buôn Ma Thuột,8/11/2023,,,,,,,,,,,,
CUS00045,Dương Văn Em,Nam,55-64,Buôn Ma Thuột,2/17/2023,,,,,,,,,,,,
CUS00046,Phan Thị Tuấn,Nam,65+,Đà Lạt,10/16/2023,,,,,,,,,,,,
CUS00047,Đinh Văn Lan,Nữ,35-44,Nha Trang,8/21/2023,,,,,,,,,,,,
CUS00048,Nguyễn Văn Nam,Nữ,35-44,Buôn Ma Thuột,8/10/2023,,,,,,,,,,,,
CUS00049,Hồ Văn Xuân,Nam,55-64,Vũng Tàu,1/16/2024,,,,,,,,,,,,
CUS00050,Trần Thị Minh,Nam,35-44,TP.HCM,1/20/2024,,,,,,,,,,,,
CUS00051,Dương Văn Mai,Nữ,25-34,Cần Thơ,1/22/2023,,,,,,,,,,,,
CUS00052,Võ Văn Việt,Nữ,55-64,Cần Thơ,12/12/2023,,,,,,,,,,,,
CUS00053,Đinh Văn Việt,Nam,25-34,Đà Nẵng,2/21/2024,,,,,,,,,,,,
CUS00054,Ngô Thị Lan,Nam,55-64,Đà Lạt,12/26/2023,,,,,,,,,,,,
CUS00055,Hồ Văn Phương,Nữ,25-34,TP.HCM,12/22/2023,,,,,,,,,,,,
CUS00056,Nguyễn Văn Phương,Nam,35-44,Đà Nẵng,1/16/2024,,,,,,,,,,,,
CUS00057,Võ Văn Cường,Nữ,55-64,Hạ Long,2/21/2023,,,,,,,,,,,,
CUS00058,Mai Thị Việt,Nữ,45-54,Hạ Long,10/16/2023,,,,,,,,,,,,
CUS00059,Mai Thị Khánh,Nữ,25-34,Buôn Ma Thuột,5/24/2023,,,,,,,,,,,,
CUS00060,Bùi Văn Linh,Nữ,55-64,Hải Phòng,3/7/2024,,,,,,,,,,,,
CUS00061,Đinh Văn Nam,Nữ,25-34,Đà Lạt,2/9/2023,,,,,,,,,,,,
CUS00062,Phạm Thị Quân,Nam,65+,Vũng Tàu,3/1/2024,,,,,,,,,,,,
CUS00063,Hồ Văn Cường,Nam,55-64,TP.HCM,12/25/2023,,,,,,,,,,,,
CUS00064,Ngô Thị Dung,Nam,45-54,Cần Thơ,1/23/2023,,,,,,,,,,,,
CUS00065,Dương Văn Khánh,Nữ,18-24,Đà Nẵng,5/21/2023,,,,,,,,,,,,
CUS00066,Trương Văn Uyên,Nữ,25-34,Đà Lạt,1/8/2023,,,,,,,,,,,,
CUS00067,Trần Thị Nam,Nam,25-34,Đà Nẵng,4/2/2024,,,,,,,,,,,,
CUS00068,Hoàng Văn Quân,Nam,45-54,Đà Nẵng,12/14/2023,,,,,,,,,,,,
CUS00069,Bùi Văn Phương,Nam,35-44,Đà Lạt,12/5/2023,,,,,,,,,,,,
CUS00070,Đỗ Thị Mai,Nam,45-54,Vũng Tàu,12/17/2023,,,,,,,,,,,,
CUS00071,Nguyễn Văn Phúc,Nữ,35-44,Hà Nội,1/10/2024,,,,,,,,,,,,
CUS00072,Huỳnh Thị Phương,Nam,25-34,Buôn Ma Thuột,7/11/2023,,,,,,,,,,,,
CUS00073,Hoàng Văn Uyên,Nữ,35-44,Đà Lạt,10/14/2023,,,,,,,,,,,,
CUS00074,Trần Thị Dung,Nữ,35-44,Huế,11/13/2023,,,,,,,,,,,,
CUS00075,Hồ Văn Sơn,Nam,45-54,Cần Thơ,2/22/2024,,,,,,,,,,,,
CUS00076,Ngô Thị Em,Nam,25-34,Vũng Tàu,2/24/2024,,,,,,,,,,,,
CUS00077,Hoàng Văn Hùng,Nam,55-64,Đà Lạt,2/27/2024,,,,,,,,,,,,
CUS00078,Mai Thị Tuấn,Nam,35-44,Nha Trang,2/6/2023,,,,,,,,,,,,
CUS00079,Nguyễn Văn Cường,Nữ,45-54,Vũng Tàu,10/13/2023,,,,,,,,,,,,
CUS00080,Nguyễn Văn Thảo,Nam,55-64,Hải Phòng,5/10/2023,,,,,,,,,,,,
CUS00081,Dương Văn Tuấn,Nữ,55-64,Vũng Tàu,5/21/2023,,,,,,,,,,,,
CUS00082,Đỗ Thị Dung,Nam,25-34,Vũng Tàu,8/6/2023,,,,,,,,,,,,
CUS00083,Lê Văn Phương,Nam,25-34,Hạ Long,11/13/2023,,,,,,,,,,,,
CUS00084,Đặng Thị Yến,Nữ,45-54,Vũng Tàu,7/26/2023,,,,,,,,,,,,
CUS00085,Mai Thị Mai,Nữ,35-44,TP.HCM,9/19/2023,,,,,,,,,,,,
CUS00086,Trần Thị Uyên,Nam,25-34,Hà Nội,9/29/2023,,,,,,,,,,,,
CUS00087,Dương Văn Phúc,Nam,25-34,Huế,4/28/2024,,,,,,,,,,,,
CUS00088,Hoàng Văn Dương,Nam,65+,Buôn Ma Thuột,10/25/2023,,,,,,,,,,,,
CUS00089,Mai Thị Minh,Nữ,25-34,Nha Trang,7/4/2023,,,,,,,,,,,,
CUS00090,Đỗ Thị Cường,Nam,65+,Buôn Ma Thuột,1/21/2024,,,,,,,,,,,,
CUS00091,Hoàng Văn Xuân,Nữ,65+,Vũng Tàu,2/12/2024,,,,,,,,,,,,
CUS00092,Hoàng Văn Việt,Nữ,55-64,TP.HCM,7/27/2023,,,,,,,,,,,,
CUS00093,Bùi Văn Hùng,Nữ,18-24,Huế,4/30/2023,,,,,,,,,,,,
CUS00094,Đinh Văn Quân,Nam,65+,Hạ Long,3/26/2023,,,,,,,,,,,,
CUS00095,Lý Thị Khánh,Nam,55-64,Đà Nẵng,1/4/2023,,,,,,,,,,,,
CUS00096,Phan Thị Giang,Nam,45-54,Đà Nẵng,3/3/2023,,,,,,,,,,,,
CUS00097,Ngô Thị Oanh,Nữ,65+,Đà Nẵng,3/13/2023,,,,,,,,,,,,
CUS00098,Phan Thị Linh,Nữ,55-64,Hải Phòng,4/30/2024,,,,,,,,,,,,
CUS00099,Huỳnh Thị Phương,Nữ,65+,Hà Nội,11/25/2023,,,,,,,,,,,,
CUS00100,Nguyễn Văn Quân,Nữ,25-34,Vũng Tàu,12/13/2023,,,,,,,,,,,,
CUS00101,Đỗ Thị Nam,Nữ,25-34,Hà Nội,5/13/2023,,,,,,,,,,,,
CUS00102,Trần Thị Giang,Nữ,65+,Buôn Ma Thuột,10/14/2023,,,,,,,,,,,,
CUS00103,Ngô Thị Nam,Nữ,18-24,Cần Thơ,2/18/2024,,,,,,,,,,,,
CUS00104,Võ Văn Hùng,Nam,55-64,Hạ Long,2/14/2024,,,,,,,,,,,,
CUS00105,Dương Văn Uyên,Nam,55-64,Vũng Tàu,8/29/2023,,,,,,,,,,,,
CUS00106,Phan Thị Oanh,Nữ,55-64,TP.HCM,10/26/2023,,,,,,,,,,,,
CUS00107,Ngô Thị Hương,Nam,65+,Cần Thơ,1/25/2023,,,,,,,,,,,,
CUS00108,Lê Văn Quân,Nữ,18-24,Hạ Long,11/30/2023,,,,,,,,,,,,
CUS00109,Hồ Văn Cường,Nữ,18-24,Huế,4/18/2023,,,,,,,,,,,,
CUS00110,Phan Thị Mai,Nam,45-54,Đà Lạt,9/16/2023,,,,,,,,,,,,
CUS00111,Hoàng Văn Hùng,Nam,65+,Hà Nội,7/8/2023,,,,,,,,,,,,
CUS00112,Hoàng Văn Phương,Nam,35-44,TP.HCM,2/13/2023,,,,,,,,,,,,
CUS00113,Trương Văn Yến,Nam,18-24,Huế,6/12/2023,,,,,,,,,,,,
CUS00114,Đặng Thị Linh,Nữ,35-44,TP.HCM,4/6/2023,,,,,,,,,,,,
CUS00115,Mai Thị Giang,Nam,65+,Vũng Tàu,6/11/2023,,,,,,,,,,,,
CUS00116,Đặng Thị Phúc,Nam,45-54,Huế,5/10/2024,,,,,,,,,,,,
CUS00117,Hoàng Văn Linh,Nữ,55-64,Huế,7/26/2023,,,,,,,,,,,,
CUS00118,Trương Văn Em,Nam,35-44,Đà Lạt,7/5/2023,,,,,,,,,,,,
CUS00119,Lê Văn Thảo,Nữ,65+,Hà Nội,4/4/2023,,,,,,,,,,,,
CUS00120,Đinh Văn Hương,Nam,55-64,Cần Thơ,7/10/2023,,,,,,,,,,,,
CUS00121,Võ Văn Giang,Nữ,65+,Nha Trang,3/4/2023,,,,,,,,,,,,
CUS00122,Hồ Văn Khánh,Nữ,25-34,Cần Thơ,3/25/2024,,,,,,,,,,,,
CUS00123,Ngô Thị Oanh,Nam,55-64,Buôn Ma Thuột,4/14/2024,,,,,,,,,,,,
CUS00124,Trương Văn Oanh,Nam,25-34,Huế,1/15/2023,,,,,,,,,,,,
CUS00125,Hoàng Văn Phúc,Nữ,35-44,Đà Lạt,4/11/2024,,,,,,,,,,,,
CUS00126,Trần Thị Hương,Nữ,65+,Hà Nội,7/11/2023,,,,,,,,,,,,
CUS00127,Lê Văn Dung,Nam,25-34,Huế,12/28/2023,,,,,,,,,,,,
CUS00128,Phạm Thị Việt,Nữ,18-24,Hạ Long,3/7/2024,,,,,,,,,,,,
CUS00129,Đinh Văn Yến,Nam,65+,Đà Nẵng,6/14/2023,,,,,,,,,,,,
CUS00130,Phan Thị Yến,Nữ,45-54,Cần Thơ,11/24/2023,,,,,,,,,,,,
CUS00131,Phan Thị Phúc,Nam,35-44,Nha Trang,8/14/2023,,,,,,,,,,,,
CUS00132,Lý Thị Em,Nam,55-64,Đà Lạt,4/3/2023,,,,,,,,,,,,
CUS00133,Ngô Thị Cường,Nữ,55-64,Vũng Tàu,2/9/2024,,,,,,,,,,,,
CUS00134,Huỳnh Thị Quân,Nam,35-44,Cần Thơ,1/28/2024,,,,,,,,,,,,
CUS00135,Đỗ Thị Dung,Nữ,25-34,Buôn Ma Thuột,11/24/2023,,,,,,,,,,,,
CUS00136,Nguyễn Văn Minh,Nữ,65+,Hà Nội,12/18/2023,,,,,,,,,,,,
CUS00137,Lý Thị Oanh,Nữ,25-34,Đà Lạt,7/5/2023,,,,,,,,,,,,
CUS00138,Huỳnh Thị Tuấn,Nam,25-34,Đà Nẵng,12/15/2023,,,,,,,,,,,,
CUS00139,Trần Thị Uyên,Nam,25-34,Buôn Ma Thuột,7/16/2023,,,,,,,,,,,,
CUS00140,Nguyễn Văn Phương,Nam,65+,Đà Lạt,10/11/2023,,,,,,,,,,,,
CUS00141,Bùi Văn Phương,Nam,45-54,Hạ Long,12/8/2023,,,,,,,,,,,,
CUS00142,Hoàng Văn Uyên,Nam,25-34,Đà Lạt,4/13/2024,,,,,,,,,,,,
CUS00143,Lê Văn Tuấn,Nam,18-24,Hà Nội,4/17/2023,,,,,,,,,,,,
CUS00144,Trương Văn Oanh,Nữ,25-34,Cần Thơ,12/29/2023,,,,,,,,,,,,
CUS00145,Ngô Thị Yến,Nữ,25-34,Hạ Long,4/22/2024,,,,,,,,,,,,
CUS00146,Hoàng Văn Dương,Nam,45-54,Đà Nẵng,2/12/2024,,,,,,,,,,,,
CUS00147,Phạm Thị Dung,Nữ,25-34,TP.HCM,5/14/2023,,,,,,,,,,,,
CUS00148,Bùi Văn Oanh,Nam,35-44,Đà Nẵng,5/24/2023,,,,,,,,,,,,
CUS00149,Bùi Văn Uyên,Nữ,65+,Đà Nẵng,4/27/2024,,,,,,,,,,,,
CUS00150,Dương Văn Dương,Nam,25-34,Buôn Ma Thuột,10/16/2023,,,,,,,,,,,,
CUS00151,Huỳnh Thị Dương,Nam,55-64,Nha Trang,6/9/2023,,,,,,,,,,,,
CUS00152,Lê Văn Hùng,Nam,65+,Vũng Tàu,9/29/2023,,,,,,,,,,,,
CUS00153,Phan Thị Minh,Nam,25-34,Hải Phòng,9/30/2023,,,,,,,,,,,,
CUS00154,Võ Văn Uyên,Nam,18-24,Đà Nẵng,7/12/2023,,,,,,,,,,,,
CUS00155,Hồ Văn Xuân,Nữ,55-64,Cần Thơ,3/17/2023,,,,,,,,,,,,
CUS00156,Đinh Văn Xuân,Nữ,18-24,Hạ Long,3/3/2024,,,,,,,,,,,,
CUS00157,Phan Thị Dương,Nam,25-34,Buôn Ma Thuột,8/12/2023,,,,,,,,,,,,
CUS00158,Hoàng Văn Dung,Nam,55-64,Hạ Long,3/24/2024,,,,,,,,,,,,
CUS00159,Hoàng Văn Khánh,Nam,65+,Đà Nẵng,5/12/2023,,,,,,,,,,,,
CUS00160,Phạm Thị Cường,Nữ,45-54,Hạ Long,2/3/2023,,,,,,,,,,,,
CUS00161,Trần Thị Dương,Nam,65+,Hà Nội,11/14/2023,,,,,,,,,,,,
CUS00162,Dương Văn Phương,Nữ,35-44,Nha Trang,8/18/2023,,,,,,,,,,,,
CUS00163,Hoàng Văn Uyên,Nữ,45-54,Nha Trang,5/18/2023,,,,,,,,,,,,
CUS00164,Trần Thị Dương,Nam,65+,Vũng Tàu,8/27/2023,,,,,,,,,,,,
CUS00165,Nguyễn Văn Dương,Nữ,65+,Cần Thơ,11/7/2023,,,,,,,,,,,,
CUS00166,Võ Văn Phúc,Nữ,65+,Hà Nội,8/2/2023,,,,,,,,,,,,
CUS00167,Lý Thị Quân,Nam,45-54,Hạ Long,6/8/2023,,,,,,,,,,,,
CUS00168,Đặng Thị Phúc,Nữ,25-34,Hà Nội,2/13/2024,,,,,,,,,,,,
CUS00169,Hoàng Văn Mai,Nam,18-24,Đà Nẵng,12/21/2023,,,,,,,,,,,,
CUS00170,Võ Văn Hùng,Nam,45-54,Huế,5/5/2024,,,,,,,,,,,,
CUS00171,Lý Thị Lan,Nữ,55-64,Đà Nẵng,3/27/2024,,,,,,,,,,,,
CUS00172,Dương Văn Thảo,Nữ,65+,Cần Thơ,11/25/2023,,,,,,,,,,,,
CUS00173,Lê Văn Xuân,Nam,35-44,TP.HCM,2/11/2024,,,,,,,,,,,,
CUS00174,Trương Văn Giang,Nữ,45-54,Cần Thơ,3/24/2023,,,,,,,,,,,,
CUS00175,Huỳnh Thị Bình,Nữ,45-54,Đà Lạt,1/3/2023,,,,,,,,,,,,
CUS00176,Phạm Thị Oanh,Nữ,35-44,Vũng Tàu,12/29/2023,,,,,,,,,,,,
CUS00177,Bùi Văn Oanh,Nữ,45-54,Nha Trang,3/3/2024,,,,,,,,,,,,
CUS00178,Phan Thị Thảo,Nữ,35-44,TP.HCM,2/22/2023,,,,,,,,,,,,
CUS00179,Phan Thị An,Nữ,55-64,Đà Nẵng,9/20/2023,,,,,,,,,,,,
CUS00180,Đinh Văn Xuân,Nam,18-24,Đà Lạt,3/31/2023,,,,,,,,,,,,
CUS00181,Hoàng Văn Em,Nữ,25-34,Vũng Tàu,3/30/2024,,,,,,,,,,,,
CUS00182,Trần Thị Quân,Nam,35-44,Đà Nẵng,5/22/2023,,,,,,,,,,,,
CUS00183,Đinh Văn Linh,Nữ,55-64,Huế,10/8/2023,,,,,,,,,,,,
CUS00184,Phan Thị Linh,Nam,45-54,Đà Lạt,3/25/2023,,,,,,,,,,,,
CUS00185,Bùi Văn Sơn,Nữ,55-64,Buôn Ma Thuột,1/25/2023,,,,,,,,,,,,
CUS00186,Bùi Văn Xuân,Nam,65+,Hải Phòng,1/4/2023,,,,,,,,,,,,
CUS00187,Nguyễn Văn Xuân,Nữ,45-54,Hải Phòng,2/20/2023,,,,,,,,,,,,
CUS00188,Đỗ Thị Em,Nữ,35-44,Nha Trang,10/5/2023,,,,,,,,,,,,
CUS00189,Đinh Văn Xuân,Nữ,35-44,Hải Phòng,12/2/2023,,,,,,,,,,,,
CUS00190,Dương Văn Dương,Nữ,65+,Hạ Long,3/8/2024,,,,,,,,,,,,
CUS00191,Lê Văn Oanh,Nữ,35-44,Hải Phòng,5/31/2023,,,,,,,,,,,,
CUS00192,Ngô Thị Em,Nam,18-24,Huế,12/11/2023,,,,,,,,,,,,
CUS00193,Hồ Văn Dương,Nam,65+,Buôn Ma Thuột,12/26/2023,,,,,,,,,,,,
CUS00194,Lê Văn Hương,Nam,18-24,Hạ Long,3/3/2024,,,,,,,,,,,,
CUS00195,Hoàng Văn Phúc,Nam,35-44,Vũng Tàu,2/20/2024,,,,,,,,,,,,
CUS00196,Dương Văn Quân,Nữ,55-64,Buôn Ma Thuột,3/20/2023,,,,,,,,,,,,
CUS00197,Nguyễn Văn Hùng,Nữ,55-64,Hạ Long,1/7/2024,,,,,,,,,,,,
CUS00198,Phạm Thị Em,Nam,65+,Huế,8/20/2023,,,,,,,,,,,,
CUS00199,Phan Thị Cường,Nữ,35-44,Đà Lạt,5/2/2023,,,,,,,,,,,,
CUS00200,Trương Văn Nam,Nam,55-64,Đà Lạt,4/1/2024,,,,,,,,,,,,
CUS00201,Dương Văn Oanh,Nam,45-54,Hạ Long,5/24/2023,,,,,,,,,,,,
CUS00202,Đinh Văn Yến,Nữ,35-44,Hà Nội,8/29/2023,,,,,,,,,,,,
CUS00203,Đỗ Thị Mai,Nam,35-44,Hạ Long,12/26/2023,,,,,,,,,,,,
CUS00204,Bùi Văn Dương,Nam,55-64,Đà Lạt,4/16/2023,,,,,,,,,,,,
CUS00205,Đỗ Thị Yến,Nam,25-34,Hải Phòng,5/14/2024,,,,,,,,,,,,
CUS00206,Huỳnh Thị Mai,Nam,45-54,Hà Nội,3/15/2023,,,,,,,,,,,,
CUS00207,Dương Văn Giang,Nam,65+,Vũng Tàu,4/20/2023,,,,,,,,,,,,
CUS00208,Đặng Thị Bình,Nữ,65+,Vũng Tàu,1/4/2023,,,,,,,,,,,,
CUS00209,Bùi Văn Yến,Nữ,45-54,Đà Lạt,5/13/2023,,,,,,,,,,,,
CUS00210,Nguyễn Văn Sơn,Nam,35-44,Huế,7/25/2023,,,,,,,,,,,,
CUS00211,Lý Thị Mai,Nữ,35-44,Buôn Ma Thuột,3/15/2023,,,,,,,,,,,,
CUS00212,Lý Thị Hương,Nữ,18-24,Hạ Long,12/10/2023,,,,,,,,,,,,
CUS00213,Hồ Văn Phúc,Nữ,45-54,Đà Nẵng,4/30/2024,,,,,,,,,,,,
CUS00214,Phạm Thị Phúc,Nam,18-24,Huế,4/13/2023,,,,,,,,,,,,
CUS00215,Trần Thị Phúc,Nữ,18-24,Đà Lạt,6/21/2023,,,,,,,,,,,,
CUS00216,Đinh Văn Phương,Nam,18-24,Buôn Ma Thuột,5/1/2023,,,,,,,,,,,,
CUS00217,Phạm Thị Linh,Nam,25-34,Buôn Ma Thuột,2/12/2023,,,,,,,,,,,,
CUS00218,Ngô Thị Dương,Nữ,25-34,Huế,11/13/2023,,,,,,,,,,,,
CUS00219,Mai Thị Quân,Nam,65+,Buôn Ma Thuột,3/26/2024,,,,,,,,,,,,
CUS00220,Hoàng Văn Bình,Nam,18-24,Hải Phòng,2/19/2024,,,,,,,,,,,,
CUS00221,Phan Thị Nam,Nữ,55-64,Cần Thơ,4/23/2024,,,,,,,,,,,,
CUS00222,Trần Thị Việt,Nữ,55-64,Hà Nội,10/25/2023,,,,,,,,,,,,
CUS00223,Dương Văn Sơn,Nữ,35-44,TP.HCM,4/12/2023,,,,,,,,,,,,
CUS00224,Lê Văn Linh,Nữ,65+,Huế,1/14/2023,,,,,,,,,,,,
CUS00225,Dương Văn Uyên,Nữ,25-34,Nha Trang,10/23/2023,,,,,,,,,,,,
CUS00226,Trần Thị Nam,Nữ,55-64,TP.HCM,2/6/2023,,,,,,,,,,,,
CUS00227,Ngô Thị Hương,Nam,45-54,Hạ Long,8/27/2023,,,,,,,,,,,,
CUS00228,Mai Thị An,Nữ,18-24,Hải Phòng,1/13/2024,,,,,,,,,,,,
CUS00229,Bùi Văn Giang,Nam,18-24,Đà Nẵng,8/27/2023,,,,,,,,,,,,
CUS00230,Dương Văn Giang,Nữ,25-34,Đà Lạt,10/18/2023,,,,,,,,,,,,
CUS00231,Trần Thị Lan,Nữ,18-24,Hà Nội,6/15/2023,,,,,,,,,,,,
CUS00232,Phạm Thị Thảo,Nam,18-24,Nha Trang,11/2/2023,,,,,,,,,,,,
CUS00233,Nguyễn Văn Mai,Nữ,55-64,Đà Nẵng,10/13/2023,,,,,,,,,,,,
CUS00234,Hoàng Văn Em,Nam,65+,Huế,9/25/2023,,,,,,,,,,,,
CUS00235,Dương Văn Xuân,Nam,25-34,Đà Lạt,6/12/2023,,,,,,,,,,,,
CUS00236,Ngô Thị Bình,Nam,25-34,Đà Lạt,2/16/2023,,,,,,,,,,,,
CUS00237,Đặng Thị Cường,Nam,65+,Hạ Long,2/22/2024,,,,,,,,,,,,
CUS00238,Nguyễn Văn Việt,Nam,35-44,Đà Lạt,12/5/2023,,,,,,,,,,,,
CUS00239,Huỳnh Thị Hùng,Nữ,45-54,Huế,5/8/2023,,,,,,,,,,,,
CUS00240,Huỳnh Thị An,Nam,55-64,TP.HCM,2/2/2024,,,,,,,,,,,,
CUS00241,Phạm Thị Linh,Nam,45-54,Huế,7/26/2023,,,,,,,,,,,,
CUS00242,Phan Thị Sơn,Nam,55-64,Nha Trang,5/22/2023,,,,,,,,,,,,
CUS00243,Bùi Văn Em,Nam,35-44,Hạ Long,4/29/2023,,,,,,,,,,,,
CUS00244,Đỗ Thị Lan,Nữ,18-24,Hải Phòng,3/9/2024,,,,,,,,,,,,
CUS00245,Trương Văn Minh,Nam,35-44,Vũng Tàu,4/16/2023,,,,,,,,,,,,
CUS00246,Ngô Thị Hùng,Nữ,25-34,Hải Phòng,2/27/2023,,,,,,,,,,,,
CUS00247,Ngô Thị Thảo,Nữ,45-54,Đà Lạt,4/23/2023,,,,,,,,,,,,
CUS00248,Bùi Văn Tuấn,Nữ,65+,Huế,7/12/2023,,,,,,,,,,,,
CUS00249,Đinh Văn Phúc,Nữ,55-64,Buôn Ma Thuột,9/7/2023,,,,,,,,,,,,
CUS00250,Hoàng Văn Em,Nữ,65+,Buôn Ma Thuột,1/3/2024,,,,,,,,,,,,
CUS00251,Đỗ Thị Bình,Nam,35-44,Huế,4/11/2024,,,,,,,,,,,,
CUS00252,Trương Văn Thảo,Nữ,18-24,Đà Nẵng,3/22/2024,,,,,,,,,,,,
CUS00253,Trần Thị Minh,Nữ,35-44,TP.HCM,1/21/2023,,,,,,,,,,,,
CUS00254,Huỳnh Thị Dương,Nữ,55-64,Cần Thơ,5/14/2024,,,,,,,,,,,,
CUS00255,Trương Văn Dương,Nữ,65+,Hà Nội,3/26/2024,,,,,,,,,,,,
CUS00256,Huỳnh Thị Dung,Nam,55-64,Hải Phòng,3/22/2024,,,,,,,,,,,,
CUS00257,Dương Văn Quân,Nữ,55-64,Hạ Long,1/5/2024,,,,,,,,,,,,
CUS00258,Dương Văn Cường,Nam,35-44,Cần Thơ,2/14/2023,,,,,,,,,,,,
CUS00259,Huỳnh Thị Yến,Nữ,18-24,Đà Lạt,6/3/2023,,,,,,,,,,,,
CUS00260,Đinh Văn Bình,Nữ,45-54,Vũng Tàu,12/17/2023,,,,,,,,,,,,
CUS00261,Dương Văn Sơn,Nữ,55-64,Hải Phòng,3/15/2023,,,,,,,,,,,,
CUS00262,Đỗ Thị Mai,Nam,35-44,Đà Nẵng,4/23/2023,,,,,,,,,,,,
CUS00263,Võ Văn Khánh,Nữ,25-34,Nha Trang,4/28/2023,,,,,,,,,,,,
CUS00264,Đặng Thị Xuân,Nữ,35-44,Huế,3/6/2024,,,,,,,,,,,,
CUS00265,Mai Thị Thảo,Nữ,55-64,Nha Trang,1/5/2023,,,,,,,,,,,,
CUS00266,Nguyễn Văn Tuấn,Nam,65+,TP.HCM,2/23/2024,,,,,,,,,,,,
CUS00267,Phạm Thị Mai,Nữ,25-34,Hà Nội,2/26/2023,,,,,,,,,,,,
CUS00268,Phan Thị Lan,Nam,35-44,Hà Nội,7/13/2023,,,,,,,,,,,,
CUS00269,Đinh Văn Quân,Nam,55-64,Buôn Ma Thuột,3/7/2023,,,,,,,,,,,,
CUS00270,Mai Thị Giang,Nam,18-24,Đà Nẵng,12/8/2023,,,,,,,,,,,,
CUS00271,Dương Văn Uyên,Nam,65+,Hải Phòng,2/18/2024,,,,,,,,,,,,
CUS00272,Hoàng Văn Phúc,Nam,25-34,Hạ Long,4/23/2024,,,,,,,,,,,,
CUS00273,Huỳnh Thị Uyên,Nam,18-24,Hải Phòng,5/2/2023,,,,,,,,,,,,
CUS00274,Lý Thị Uyên,Nam,35-44,Đà Lạt,8/24/2023,,,,,,,,,,,,
CUS00275,Phạm Thị Sơn,Nữ,35-44,Cần Thơ,4/13/2023,,,,,,,,,,,,
CUS00276,Phạm Thị Em,Nữ,18-24,Đà Nẵng,5/29/2023,,,,,,,,,,,,
CUS00277,Hoàng Văn Dung,Nam,25-34,Hải Phòng,2/17/2023,,,,,,,,,,,,
CUS00278,Đinh Văn Minh,Nữ,65+,TP.HCM,3/17/2023,,,,,,,,,,,,
CUS00279,Võ Văn Quân,Nam,18-24,Vũng Tàu,11/8/2023,,,,,,,,,,,,
CUS00280,Đặng Thị Xuân,Nam,45-54,Nha Trang,10/15/2023,,,,,,,,,,,,
CUS00281,Hồ Văn Xuân,Nữ,55-64,Hải Phòng,5/3/2023,,,,,,,,,,,,
CUS00282,Nguyễn Văn Lan,Nữ,65+,Nha Trang,9/26/2023,,,,,,,,,,,,
CUS00283,Ngô Thị Xuân,Nữ,35-44,Hạ Long,6/6/2023,,,,,,,,,,,,
CUS00284,Dương Văn Linh,Nam,18-24,Hạ Long,6/11/2023,,,,,,,,,,,,
CUS00285,Ngô Thị Hương,Nam,35-44,Huế,9/13/2023,,,,,,,,,,,,
CUS00286,Hoàng Văn Bình,Nam,65+,Đà Lạt,3/16/2023,,,,,,,,,,,,
CUS00287,Lý Thị Quân,Nữ,25-34,Cần Thơ,5/11/2023,,,,,,,,,,,,
CUS00288,Phan Thị Phúc,Nam,35-44,TP.HCM,2/21/2024,,,,,,,,,,,,
CUS00289,Mai Thị Phương,Nữ,55-64,Đà Lạt,11/22/2023,,,,,,,,,,,,
CUS00290,Ngô Thị Dương,Nữ,25-34,Vũng Tàu,4/13/2024,,,,,,,,,,,,
CUS00291,Đỗ Thị Tuấn,Nữ,35-44,Buôn Ma Thuột,12/8/2023,,,,,,,,,,,,
CUS00292,Huỳnh Thị Uyên,Nữ,65+,Hải Phòng,8/16/2023,,,,,,,,,,,,
CUS00293,Huỳnh Thị Nam,Nữ,25-34,Hải Phòng,9/26/2023,,,,,,,,,,,,
CUS00294,Trương Văn Yến,Nam,45-54,Vũng Tàu,12/19/2023,,,,,,,,,,,,
CUS00295,Võ Văn Phương,Nữ,35-44,TP.HCM,3/31/2024,,,,,,,,,,,,
CUS00296,Phạm Thị Dương,Nam,35-44,Buôn Ma Thuột,9/12/2023,,,,,,,,,,,,
CUS00297,Ngô Thị Dương,Nam,18-24,TP.HCM,5/7/2023,,,,,,,,,,,,
CUS00298,Đặng Thị Lan,Nữ,65+,Nha Trang,10/22/2023,,,,,,,,,,,,
CUS00299,Hồ Văn Phương,Nam,45-54,Hạ Long,4/22/2024,,,,,,,,,,,,
CUS00300,Đỗ Thị Bình,Nam,35-44,Vũng Tàu,2/25/2024,,,,,,,,,,,,
CUS00301,Võ Minh Toàn,Nam,18-24,Nha Trang,9/19/2023,,,,,,,,,,,,
CUS00302,Nguyễn Trọng Cường,Nam,65+,Vũng Tàu,3/22/2025,,,,,,,,,,,,
CUS00303,Hồ Cẩm Trang,Nữ,18-24,Đà Lạt,7/28/2023,,,,,,,,,,,,
CUS00304,Bùi Minh Sơn,Nam,55-64,Huế,1/13/2025,,,,,,,,,,,,
CUS00305,Hoàng Thị Hương,Nữ,45-54,Nha Trang,6/19/2023,,,,,,,,,,,,
CUS00306,Võ Minh Hùng,Nam,25-34,Đà Nẵng,4/14/2025,,,,,,,,,,,,
CUS00307,Đặng Quang Cường,Nam,18-24,Đà Lạt,2/22/2025,,,,,,,,,,,,
CUS00308,Võ Quang Phát,Nam,35-44,Vũng Tàu,9/18/2023,,,,,,,,,,,,
CUS00309,Ngô Quang Thịnh,Nam,45-54,Hà Nội,4/24/2025,,,,,,,,,,,,
CUS00310,Huỳnh Ngọc Dung,Nữ,35-44,Huế,5/28/2024,,,,,,,,,,,,
CUS00311,Bùi Thuỳ Trang,Nữ,65+,Buôn Ma Thuột,2/12/2024,,,,,,,,,,,,
CUS00312,Dương Thanh Vinh,Nam,55-64,Hà Nội,11/4/2024,,,,,,,,,,,,
CUS00313,Dương Thị Hương,Nữ,25-34,Buôn Ma Thuột,10/15/2024,,,,,,,,,,,,
CUS00314,Lê Trọng Hải,Nam,55-64,Hà Nội,12/1/2024,,,,,,,,,,,,
CUS00315,Dương Xuân Bình,Nam,35-44,Hà Nội,11/12/2024,,,,,,,,,,,,
CUS00316,Lê Cẩm Hương,Nữ,55-64,Huế,8/28/2023,,,,,,,,,,,,
CUS00317,Hồ Diệu Bích,Nữ,55-64,Đà Nẵng,6/26/2024,,,,,,,,,,,,
CUS00318,Phan Diệu Bích,Nữ,65+,Buôn Ma Thuột,12/24/2023,,,,,,,,,,,,
CUS00319,Lê Hồng Anh,Nữ,18-24,TP.HCM,5/15/2025,,,,,,,,,,,,
CUS00320,Vũ Thuỳ Quỳnh,Nữ,25-34,Huế,5/11/2024,,,,,,,,,,,,
CUS00321,Lê Thanh Anh,Nam,65+,Buôn Ma Thuột,10/8/2024,,,,,,,,,,,,
CUS00322,Đỗ Thanh Chi,Nữ,35-44,Cần Thơ,12/27/2023,,,,,,,,,,,,
CUS00323,Huỳnh Văn Nam,Nam,18-24,Huế,6/6/2023,,,,,,,,,,,,
CUS00324,Bùi Xuân Hải,Nam,25-34,Hải Phòng,2/7/2025,,,,,,,,,,,,
CUS00325,Lý Tuấn Toàn,Nam,18-24,Hạ Long,12/5/2024,,,,,,,,,,,,
CUS00326,Dương Cẩm Dung,Nữ,55-64,Buôn Ma Thuột,1/20/2024,,,,,,,,,,,,
CUS00327,Phạm Minh Kiên,Nam,65+,TP.HCM,12/14/2023,,,,,,,,,,,,
CUS00328,Đỗ Thanh Hạnh,Nữ,65+,Đà Nẵng,6/26/2024,,,,,,,,,,,,
CUS00329,Nguyễn Xuân Thịnh,Nam,45-54,Hạ Long,8/10/2023,,,,,,,,,,,,
CUS00330,Dương Thị Phương,Nữ,55-64,Vũng Tàu,2/17/2025,,,,,,,,,,,,
CUS00331,Nguyễn Cẩm Anh,Nữ,65+,Cần Thơ,11/5/2024,,,,,,,,,,,,
CUS00332,Phan Gia Bình,Nam,25-34,Đà Nẵng,12/11/2023,,,,,,,,,,,,
CUS00333,Lê Mai Trang,Nữ,45-54,Đà Lạt,9/26/2024,,,,,,,,,,,,
CUS00334,Phan Đức Thịnh,Nam,45-54,Nha Trang,2/8/2025,,,,,,,,,,,,
CUS00335,Lý Gia Hải,Nam,45-54,Vũng Tàu,4/2/2025,,,,,,,,,,,,
CUS00336,Hồ Thị Anh,Nữ,65+,Nha Trang,3/6/2024,,,,,,,,,,,,
CUS00337,Vũ Hồng Lan,Nữ,35-44,Cần Thơ,2/28/2024,,,,,,,,,,,,
CUS00338,Ngô Mai Nhung,Nữ,25-34,Đà Lạt,3/13/2024,,,,,,,,,,,,
CUS00339,Huỳnh Minh Hùng,Nam,25-34,Vũng Tàu,3/25/2025,,,,,,,,,,,,
CUS00340,Huỳnh Phương Yến,Nữ,45-54,Hạ Long,6/25/2024,,,,,,,,,,,,
CUS00341,Lê Mai Trang,Nữ,65+,Hà Nội,12/30/2024,,,,,,,,,,,,
CUS00342,Đặng Gia Vinh,Nam,45-54,Đà Nẵng,4/30/2025,,,,,,,,,,,,
CUS00343,Bùi Diệu Thảo,Nữ,18-24,Hải Phòng,2/23/2024,,,,,,,,,,,,
CUS00344,Trần Đức Sơn,Nam,55-64,Đà Lạt,12/29/2024,,,,,,,,,,,,
CUS00345,Dương Thanh Dũng,Nam,55-64,Đà Nẵng,9/29/2024,,,,,,,,,,,,
CUS00346,Lê Thanh Dung,Nữ,25-34,Huế,8/29/2024,,,,,,,,,,,,
CUS00347,Huỳnh Xuân Long,Nam,35-44,Nha Trang,2/27/2024,,,,,,,,,,,,
CUS00348,Hồ Cẩm Trang,Nữ,45-54,Đà Nẵng,1/29/2024,,,,,,,,,,,,
CUS00349,Đỗ Diệu Trang,Nữ,65+,Cần Thơ,4/20/2025,,,,,,,,,,,,
CUS00350,Võ Gia Thắng,Nam,35-44,Cần Thơ,2/18/2025,,,,,,,,,,,,
CUS00351,Võ Mai Nhung,Nữ,35-44,Buôn Ma Thuột,12/4/2023,,,,,,,,,,,,
CUS00352,Nguyễn Hồng Quỳnh,Nữ,65+,Hạ Long,2/1/2024,,,,,,,,,,,,
CUS00353,Huỳnh Thanh Hải,Nam,45-54,TP.HCM,12/7/2024,,,,,,,,,,,,
CUS00354,Lý Thanh Nhung,Nữ,65+,Hải Phòng,1/13/2025,,,,,,,,,,,,
CUS00355,Phạm Cẩm Hương,Nữ,18-24,Huế,3/11/2025,,,,,,,,,,,,
CUS00356,Ngô Phương Anh,Nữ,65+,Đà Lạt,5/31/2024,,,,,,,,,,,,
CUS00357,Huỳnh Cẩm Trang,Nữ,65+,Vũng Tàu,1/11/2025,,,,,,,,,,,,
CUS00358,Đỗ Phương Hà,Nữ,35-44,Hạ Long,3/29/2025,,,,,,,,,,,,
CUS00359,Vũ Trọng Bình,Nam,45-54,Huế,12/15/2024,,,,,,,,,,,,
CUS00360,Đỗ Minh Thịnh,Nam,35-44,Vũng Tàu,11/15/2023,,,,,,,,,,,,
CUS00361,Huỳnh Thanh Thảo,Nữ,55-64,Hà Nội,11/20/2024,,,,,,,,,,,,
CUS00362,Nguyễn Bích Thảo,Nữ,35-44,Đà Lạt,4/28/2024,,,,,,,,,,,,
CUS00363,Hồ Đức Anh,Nam,45-54,Nha Trang,8/22/2023,,,,,,,,,,,,
CUS00364,Ngô Tuấn Cường,Nam,25-34,Huế,2/11/2025,,,,,,,,,,,,
CUS00365,Võ Minh Hùng,Nam,65+,Đà Nẵng,10/29/2023,,,,,,,,,,,,
CUS00366,Phạm Hồng Thủy,Nữ,25-34,Đà Nẵng,4/9/2024,,,,,,,,,,,,
CUS00367,Ngô Phương Dung,Nữ,18-24,Vũng Tàu,10/4/2023,,,,,,,,,,,,
CUS00368,Đặng Đức Kiên,Nam,45-54,Cần Thơ,12/14/2023,,,,,,,,,,,,
CUS00369,Phạm Ngọc Thủy,Nữ,25-34,Đà Nẵng,6/3/2025,,,,,,,,,,,,
CUS00370,Dương Bích Hoa,Nữ,18-24,TP.HCM,5/21/2024,,,,,,,,,,,,
CUS00371,Vũ Thị Mai,Nữ,18-24,Đà Lạt,6/11/2024,,,,,,,,,,,,
CUS00372,Hoàng Thanh Anh,Nữ,45-54,Huế,4/17/2024,,,,,,,,,,,,
CUS00373,Huỳnh Thanh Phương,Nữ,35-44,Đà Nẵng,9/1/2024,,,,,,,,,,,,
CUS00374,Lý Gia Khánh,Nam,18-24,Hà Nội,10/12/2024,,,,,,,,,,,,
CUS00375,Phan Văn Sơn,Nam,25-34,TP.HCM,1/31/2024,,,,,,,,,,,,
CUS00376,Lý Thanh Hạnh,Nữ,55-64,Cần Thơ,4/2/2025,,,,,,,,,,,,
CUS00377,Phan Minh Thắng,Nam,45-54,Đà Lạt,3/6/2025,,,,,,,,,,,,
CUS00378,Ngô Xuân Nam,Nam,45-54,Đà Nẵng,6/7/2024,,,,,,,,,,,,
CUS00379,Ngô Xuân Long,Nam,65+,Hạ Long,11/5/2024,,,,,,,,,,,,
CUS00380,Phan Hồng Phương,Nữ,65+,Vũng Tàu,2/22/2025,,,,,,,,,,,,
CUS00381,Võ Đức Cường,Nam,35-44,Huế,2/25/2024,,,,,,,,,,,,
CUS00382,Võ Ngọc Hạnh,Nữ,45-54,Vũng Tàu,8/19/2024,,,,,,,,,,,,
CUS00383,Huỳnh Diệu Mai,Nữ,55-64,Nha Trang,7/4/2023,,,,,,,,,,,,
CUS00384,Nguyễn Cẩm Quỳnh,Nữ,35-44,TP.HCM,8/3/2024,,,,,,,,,,,,
CUS00385,Đỗ Thanh Dung,Nữ,65+,Huế,8/31/2024,,,,,,,,,,,,
CUS00386,Đỗ Phương Lan,Nữ,55-64,Buôn Ma Thuột,6/14/2023,,,,,,,,,,,,
CUS00387,Võ Bích Hà,Nữ,25-34,Buôn Ma Thuột,11/19/2023,,,,,,,,,,,,
CUS00388,Dương Hồng Quỳnh,Nữ,65+,Buôn Ma Thuột,5/31/2025,,,,,,,,,,,,
CUS00389,Đặng Hữu Hải,Nam,35-44,Nha Trang,6/9/2023,,,,,,,,,,,,
CUS00390,Lý Tuấn Anh,Nam,25-34,Đà Nẵng,3/24/2024,,,,,,,,,,,,
CUS00391,Vũ Mai Linh,Nữ,65+,Hải Phòng,8/18/2023,,,,,,,,,,,,
CUS00392,Vũ Diệu Hoa,Nữ,65+,Huế,10/15/2023,,,,,,,,,,,,
CUS00393,Phan Mai Thủy,Nữ,55-64,Buôn Ma Thuột,2/21/2024,,,,,,,,,,,,
CUS00394,Trần Quang Thắng,Nam,45-54,Hạ Long,4/2/2024,,,,,,,,,,,,
CUS00395,Hồ Thanh Hạnh,Nữ,25-34,Hạ Long,11/5/2023,,,,,,,,,,,,
CUS00396,Hồ Phương Thủy,Nữ,55-64,Hạ Long,11/14/2024,,,,,,,,,,,,
CUS00397,Nguyễn Xuân Cường,Nam,25-34,Huế,7/6/2023,,,,,,,,,,,,
CUS00398,Phạm Ngọc Thảo,Nữ,35-44,Đà Lạt,3/29/2024,,,,,,,,,,,,
CUS00399,Bùi Ngọc Hoa,Nữ,18-24,Vũng Tàu,5/19/2025,,,,,,,,,,,,
CUS00400,Trần Ngọc Mai,Nữ,25-34,TP.HCM,3/12/2024,,,,,,,,,,,,
CUS00401,Ngô Phương Quỳnh,Nữ,35-44,Đà Lạt,8/30/2024,,,,,,,,,,,,
CUS00402,Nguyễn Gia Sơn,Nam,35-44,Hạ Long,3/2/2025,,,,,,,,,,,,
CUS00403,Dương Tuấn Dũng,Nam,55-64,Nha Trang,6/28/2023,,,,,,,,,,,,
CUS00404,Ngô Phương Hoa,Nữ,18-24,Cần Thơ,8/11/2024,,,,,,,,,,,,
CUS00405,Phan Bích Nhung,Nữ,45-54,Buôn Ma Thuột,4/29/2025,,,,,,,,,,,,
CUS00406,Vũ Diệu Thủy,Nữ,55-64,Hải Phòng,12/5/2024,,,,,,,,,,,,
CUS00407,Đặng Bích Lan,Nữ,65+,Vũng Tàu,8/13/2023,,,,,,,,,,,,
CUS00408,Phan Minh Hải,Nam,65+,Vũng Tàu,8/30/2023,,,,,,,,,,,,
CUS00409,Võ Thanh Toàn,Nam,65+,Cần Thơ,1/29/2024,,,,,,,,,,,,
CUS00410,Lê Hữu Dũng,Nam,65+,Đà Lạt,7/31/2023,,,,,,,,,,,,
CUS00411,Vũ Diệu Anh,Nữ,25-34,Cần Thơ,9/2/2023,,,,,,,,,,,,
CUS00412,Ngô Bích Mai,Nữ,45-54,Đà Nẵng,4/23/2024,,,,,,,,,,,,
CUS00413,Đỗ Gia Kiên,Nam,35-44,Hải Phòng,1/25/2025,,,,,,,,,,,,
CUS00414,Đặng Văn Vinh,Nam,35-44,Đà Nẵng,9/21/2023,,,,,,,,,,,,
CUS00415,Đặng Tuấn Thắng,Nam,65+,Đà Lạt,8/13/2024,,,,,,,,,,,,
CUS00416,Bùi Quang Khánh,Nam,25-34,Đà Lạt,9/23/2024,,,,,,,,,,,,
CUS00417,Dương Mai Ngọc,Nữ,65+,Đà Lạt,1/3/2024,,,,,,,,,,,,
CUS00418,Vũ Hữu Hùng,Nam,65+,Hạ Long,5/5/2024,,,,,,,,,,,,
CUS00419,Nguyễn Hồng Linh,Nữ,55-64,Đà Lạt,7/17/2023,,,,,,,,,,,,
CUS00420,Phan Thuỳ Anh,Nữ,65+,Vũng Tàu,6/17/2024,,,,,,,,,,,,
CUS00421,Dương Thanh Dũng,Nam,25-34,Vũng Tàu,3/8/2025,,,,,,,,,,,,
CUS00422,Trần Minh Bình,Nam,65+,Hà Nội,11/17/2023,,,,,,,,,,,,
CUS00423,Lê Ngọc Nhung,Nữ,25-34,Hải Phòng,5/19/2025,,,,,,,,,,,,
CUS00424,Võ Xuân Thắng,Nam,35-44,Đà Nẵng,8/24/2023,,,,,,,,,,,,
CUS00425,Dương Trọng Tú,Nam,18-24,Vũng Tàu,11/18/2024,,,,,,,,,,,,
CUS00426,Võ Trọng Quân,Nam,45-54,Hải Phòng,10/4/2024,,,,,,,,,,,,
CUS00427,Lý Mai Dung,Nữ,45-54,Đà Lạt,5/6/2025,,,,,,,,,,,,
CUS00428,Bùi Minh Vinh,Nam,65+,Buôn Ma Thuột,4/4/2024,,,,,,,,,,,,
CUS00429,Nguyễn Thị Thủy,Nữ,18-24,Hạ Long,6/26/2024,,,,,,,,,,,,
CUS00430,Ngô Phương Trang,Nữ,45-54,Hà Nội,7/14/2023,,,,,,,,,,,,
CUS00431,Đỗ Bích Quỳnh,Nữ,35-44,Cần Thơ,11/4/2024,,,,,,,,,,,,
CUS00432,Hồ Cẩm Hà,Nữ,25-34,Cần Thơ,1/16/2024,,,,,,,,,,,,
CUS00433,Vũ Văn Dũng,Nam,45-54,Hạ Long,10/4/2023,,,,,,,,,,,,
CUS00434,Phan Thanh Kiên,Nam,18-24,Hạ Long,4/24/2024,,,,,,,,,,,,
CUS00435,Đặng Văn Tú,Nam,35-44,Vũng Tàu,2/3/2024,,,,,,,,,,,,
CUS00436,Ngô Gia Vinh,Nam,18-24,Vũng Tàu,3/27/2024,,,,,,,,,,,,
CUS00437,Trần Đức Phát,Nam,25-34,Hải Phòng,7/25/2023,,,,,,,,,,,,
CUS00438,Bùi Thanh Thắng,Nam,65+,Cần Thơ,5/17/2025,,,,,,,,,,,,
CUS00439,Dương Trọng Cường,Nam,45-54,TP.HCM,5/5/2025,,,,,,,,,,,,
CUS00440,Trần Tuấn Dũng,Nam,65+,Đà Lạt,8/16/2024,,,,,,,,,,,,
CUS00441,Ngô Mai Hoa,Nữ,65+,TP.HCM,7/30/2023,,,,,,,,,,,,
CUS00442,Bùi Tuấn Cường,Nam,18-24,Vũng Tàu,7/2/2024,,,,,,,,,,,,
CUS00443,Hồ Gia Thịnh,Nam,25-34,Vũng Tàu,3/9/2024,,,,,,,,,,,,
CUS00444,Lê Thanh Nam,Nam,35-44,Đà Lạt,5/28/2024,,,,,,,,,,,,
CUS00445,Dương Mai Thủy,Nữ,35-44,Huế,1/3/2024,,,,,,,,,,,,
CUS00446,Vũ Thị Phương,Nữ,65+,Đà Lạt,11/29/2023,,,,,,,,,,,,
CUS00447,Hồ Trọng Hải,Nam,25-34,Đà Lạt,10/5/2023,,,,,,,,,,,,
CUS00448,Hoàng Đức Hải,Nam,65+,Vũng Tàu,2/10/2024,,,,,,,,,,,,
CUS00449,Dương Xuân Hùng,Nam,25-34,Cần Thơ,10/16/2023,,,,,,,,,,,,
CUS00450,Dương Thanh Hùng,Nam,65+,Buôn Ma Thuột,4/29/2025,,,,,,,,,,,,
CUS00451,Hoàng Xuân Khánh,Nam,35-44,TP.HCM,1/18/2024,,,,,,,,,,,,
CUS00452,Nguyễn Thị Yến,Nữ,35-44,Vũng Tàu,11/10/2024,,,,,,,,,,,,
CUS00453,Hoàng Trọng Thắng,Nam,35-44,Cần Thơ,1/1/2024,,,,,,,,,,,,
CUS00454,Trần Hồng Chi,Nữ,55-64,Nha Trang,4/6/2025,,,,,,,,,,,,
CUS00455,Phạm Diệu Thảo,Nữ,35-44,Đà Nẵng,2/17/2024,,,,,,,,,,,,
CUS00456,Bùi Hữu Hải,Nam,55-64,Buôn Ma Thuột,5/29/2025,,,,,,,,,,,,
CUS00457,Huỳnh Phương Vân,Nữ,55-64,Huế,11/19/2023,,,,,,,,,,,,
CUS00458,Phạm Diệu Trang,Nữ,35-44,Huế,7/13/2023,,,,,,,,,,,,
CUS00459,Nguyễn Bích Hà,Nữ,25-34,Nha Trang,9/9/2023,,,,,,,,,,,,
CUS00460,Đặng Phương Thủy,Nữ,18-24,Hải Phòng,8/5/2023,,,,,,,,,,,,
CUS00461,Lê Trọng Hải,Nam,35-44,Nha Trang,11/13/2024,,,,,,,,,,,,
CUS00462,Đặng Đức Toàn,Nam,65+,Hà Nội,10/28/2024,,,,,,,,,,,,
CUS00463,Nguyễn Diệu Ngọc,Nữ,65+,Cần Thơ,2/20/2025,,,,,,,,,,,,
CUS00464,Nguyễn Thuỳ Hà,Nữ,45-54,Đà Lạt,5/13/2025,,,,,,,,,,,,
CUS00465,Lý Thanh Vân,Nữ,18-24,Hạ Long,11/18/2024,,,,,,,,,,,,
CUS00466,Phạm Trọng Anh,Nam,25-34,Hà Nội,1/27/2025,,,,,,,,,,,,
CUS00467,Lý Thuỳ Vân,Nữ,35-44,Hạ Long,4/25/2024,,,,,,,,,,,,
CUS00468,Trần Trọng Dũng,Nam,65+,Huế,4/30/2025,,,,,,,,,,,,
CUS00469,Trần Thị Bích,Nữ,65+,Vũng Tàu,4/5/2025,,,,,,,,,,,,
CUS00470,Bùi Thị Linh,Nữ,65+,Vũng Tàu,2/12/2024,,,,,,,,,,,,
CUS00471,Phạm Quang Long,Nam,55-64,Đà Nẵng,6/9/2023,,,,,,,,,,,,
CUS00472,Lý Đức Hải,Nam,25-34,Hải Phòng,4/11/2025,,,,,,,,,,,,
CUS00473,Huỳnh Mai Ngọc,Nữ,18-24,Cần Thơ,7/14/2023,,,,,,,,,,,,
CUS00474,Huỳnh Phương Trang,Nữ,35-44,Cần Thơ,6/1/2025,,,,,,,,,,,,
CUS00475,Huỳnh Thuỳ Phương,Nữ,55-64,Huế,1/31/2025,,,,,,,,,,,,
CUS00476,Đỗ Hữu Dũng,Nam,18-24,Buôn Ma Thuột,8/26/2024,,,,,,,,,,,,
CUS00477,Đặng Văn Tuấn,Nam,55-64,Đà Lạt,12/7/2023,,,,,,,,,,,,
CUS00478,Nguyễn Diệu Mai,Nữ,55-64,Buôn Ma Thuột,7/27/2023,,,,,,,,,,,,
CUS00479,Võ Diệu Thủy,Nữ,45-54,Nha Trang,5/16/2025,,,,,,,,,,,,
CUS00480,Phạm Diệu Hương,Nữ,25-34,Đà Nẵng,9/26/2023,,,,,,,,,,,,
CUS00481,Bùi Đức Bình,Nam,35-44,TP.HCM,1/29/2025,,,,,,,,,,,,
CUS00482,Dương Ngọc Vân,Nữ,45-54,Đà Nẵng,3/10/2025,,,,,,,,,,,,
CUS00483,Phạm Trọng Long,Nam,55-64,Huế,5/19/2025,,,,,,,,,,,,
CUS00484,Nguyễn Thuỳ Quỳnh,Nữ,45-54,Hải Phòng,3/15/2024,,,,,,,,,,,,
CUS00485,Vũ Hồng Linh,Nữ,18-24,Cần Thơ,8/15/2023,,,,,,,,,,,,
CUS00486,Dương Thuỳ Quỳnh,Nữ,35-44,Vũng Tàu,9/22/2024,,,,,,,,,,,,
CUS00487,Phạm Ngọc Ngọc,Nữ,35-44,Buôn Ma Thuột,1/20/2024,,,,,,,,,,,,
CUS00488,Đặng Minh Phát,Nam,18-24,Buôn Ma Thuột,8/30/2023,,,,,,,,,,,,
CUS00489,Lý Ngọc Hương,Nữ,65+,Huế,9/27/2023,,,,,,,,,,,,
CUS00490,Phan Hữu Long,Nam,55-64,TP.HCM,12/28/2024,,,,,,,,,,,,
CUS00491,Lý Hữu Nam,Nam,18-24,Đà Lạt,5/13/2024,,,,,,,,,,,,
CUS00492,Trần Trọng Khánh,Nam,18-24,Đà Nẵng,5/23/2025,,,,,,,,,,,,
CUS00493,Vũ Quang Thắng,Nam,18-24,Hạ Long,4/11/2025,,,,,,,,,,,,
CUS00494,Huỳnh Minh Nam,Nam,55-64,Hạ Long,8/3/2023,,,,,,,,,,,,
CUS00495,Phạm Ngọc Ngọc,Nữ,55-64,Hải Phòng,4/13/2025,,,,,,,,,,,,
CUS00496,Phạm Quang Thịnh,Nam,65+,Hải Phòng,6/3/2024,,,,,,,,,,,,
CUS00497,Ngô Tuấn Nam,Nam,25-34,Đà Nẵng,4/29/2024,,,,,,,,,,,,
CUS00498,Dương Mai Dung,Nữ,35-44,TP.HCM,2/4/2024,,,,,,,,,,,,
CUS00499,Nguyễn Trọng Thịnh,Nam,35-44,Hải Phòng,10/11/2024,,,,,,,,,,,,
CUS00500,Đặng Tuấn Toàn,Nam,35-44,Hà Nội,10/22/2024,,,,,,,,,,,,
CUS00501,Hồ Thuỳ Hạnh,Nữ,35-44,Đà Nẵng,8/6/2024,,,,,,,,,,,,
CUS00502,Phan Minh Dũng,Nam,45-54,Buôn Ma Thuột,2/18/2024,,,,,,,,,,,,
CUS00503,Hồ Ngọc Trang,Nữ,65+,Hải Phòng,2/7/2024,,,,,,,,,,,,
CUS00504,Dương Mai Mai,Nữ,55-64,Hải Phòng,2/15/2025,,,,,,,,,,,,
CUS00505,Dương Hữu Nam,Nam,45-54,Nha Trang,8/16/2023,,,,,,,,,,,,
CUS00506,Lê Văn Hùng,Nam,18-24,Huế,6/17/2024,,,,,,,,,,,,
CUS00507,Võ Văn Khánh,Nam,35-44,Hải Phòng,11/17/2023,,,,,,,,,,,,
CUS00508,Huỳnh Trọng Quân,Nam,65+,Huế,6/10/2023,,,,,,,,,,,,
CUS00509,Dương Thị Linh,Nữ,45-54,Nha Trang,11/30/2023,,,,,,,,,,,,
CUS00510,Trần Đức Vinh,Nam,18-24,Vũng Tàu,2/10/2025,,,,,,,,,,,,
CUS00511,Ngô Văn Cường,Nam,18-24,Nha Trang,11/11/2023,,,,,,,,,,,,
CUS00512,Dương Tuấn Kiên,Nam,25-34,Đà Nẵng,11/5/2024,,,,,,,,,,,,
CUS00513,Nguyễn Gia Quân,Nam,18-24,Đà Nẵng,3/15/2024,,,,,,,,,,,,
CUS00514,Võ Thuỳ Lan,Nữ,18-24,Hải Phòng,10/11/2023,,,,,,,,,,,,
CUS00515,Dương Hồng Dung,Nữ,65+,Vũng Tàu,6/21/2023,,,,,,,,,,,,
CUS00516,Đỗ Phương Anh,Nữ,45-54,TP.HCM,7/22/2024,,,,,,,,,,,,
CUS00517,Huỳnh Thị Ngọc,Nữ,65+,Huế,3/7/2025,,,,,,,,,,,,
CUS00518,Phan Văn Cường,Nam,35-44,Hà Nội,6/15/2023,,,,,,,,,,,,
CUS00519,Lý Hồng Hạnh,Nữ,25-34,Hải Phòng,4/27/2025,,,,,,,,,,,,
CUS00520,Phạm Cẩm Hà,Nữ,55-64,Cần Thơ,4/10/2025,,,,,,,,,,,,
CUS00521,Ngô Cẩm Vân,Nữ,25-34,Hà Nội,10/18/2024,,,,,,,,,,,,
CUS00522,Nguyễn Thanh Kiên,Nam,65+,Hà Nội,4/12/2024,,,,,,,,,,,,
CUS00523,Hồ Hồng Hương,Nữ,25-34,Hạ Long,6/19/2023,,,,,,,,,,,,
CUS00524,Nguyễn Đức Phát,Nam,18-24,Nha Trang,9/22/2024,,,,,,,,,,,,
CUS00525,Ngô Tuấn Vinh,Nam,35-44,Đà Lạt,9/27/2024,,,,,,,,,,,,
CUS00526,Đỗ Minh Bình,Nam,25-34,Vũng Tàu,5/26/2025,,,,,,,,,,,,
CUS00527,Võ Văn Tuấn,Nam,55-64,Nha Trang,7/27/2024,,,,,,,,,,,,
CUS00528,Đặng Văn Toàn,Nam,18-24,TP.HCM,7/6/2023,,,,,,,,,,,,
CUS00529,Phạm Bích Yến,Nữ,55-64,Hải Phòng,12/6/2024,,,,,,,,,,,,
CUS00530,Ngô Ngọc Dung,Nữ,65+,Vũng Tàu,9/3/2024,,,,,,,,,,,,
CUS00531,Huỳnh Quang Sơn,Nam,65+,Cần Thơ,5/2/2024,,,,,,,,,,,,
CUS00532,Nguyễn Hồng Linh,Nữ,25-34,Vũng Tàu,6/23/2023,,,,,,,,,,,,
CUS00533,Võ Hồng Bích,Nữ,65+,Đà Nẵng,1/4/2025,,,,,,,,,,,,
CUS00534,Hoàng Trọng Thắng,Nam,35-44,Buôn Ma Thuột,9/13/2023,,,,,,,,,,,,
CUS00535,Hoàng Diệu Linh,Nữ,35-44,Hạ Long,12/11/2024,,,,,,,,,,,,
CUS00536,Phạm Gia Anh,Nam,45-54,Đà Nẵng,8/8/2024,,,,,,,,,,,,
CUS00537,Nguyễn Thanh Kiên,Nam,55-64,TP.HCM,6/8/2023,,,,,,,,,,,,
CUS00538,Hồ Cẩm Thủy,Nữ,18-24,Hải Phòng,11/3/2023,,,,,,,,,,,,
CUS00539,Huỳnh Thuỳ Quỳnh,Nữ,45-54,Nha Trang,11/23/2024,,,,,,,,,,,,
CUS00540,Vũ Trọng Minh,Nam,25-34,Cần Thơ,8/28/2024,,,,,,,,,,,,
CUS00541,Bùi Thanh Mai,Nữ,25-34,Đà Nẵng,3/11/2025,,,,,,,,,,,,
CUS00542,Vũ Diệu Thảo,Nữ,35-44,Cần Thơ,7/10/2023,,,,,,,,,,,,
CUS00543,Phạm Văn Bình,Nam,65+,Nha Trang,11/27/2024,,,,,,,,,,,,
CUS00544,Trần Phương Bích,Nữ,18-24,Buôn Ma Thuột,2/17/2025,,,,,,,,,,,,
CUS00545,Lý Quang Thịnh,Nam,55-64,Đà Lạt,4/7/2024,,,,,,,,,,,,
CUS00546,Phan Thuỳ Hà,Nữ,35-44,Buôn Ma Thuột,12/15/2024,,,,,,,,,,,,
CUS00547,Phan Phương Mai,Nữ,18-24,Đà Nẵng,1/31/2025,,,,,,,,,,,,
CUS00548,Phan Đức Thắng,Nam,35-44,Nha Trang,4/16/2025,,,,,,,,,,,,
CUS00549,Vũ Thanh Tú,Nam,35-44,Đà Lạt,12/12/2023,,,,,,,,,,,,
CUS00550,Dương Tuấn Bình,Nam,65+,Cần Thơ,1/7/2024,,,,,,,,,,,,
CUS00551,Huỳnh Minh Long,Nam,35-44,Buôn Ma Thuột,10/19/2024,,,,,,,,,,,,
CUS00552,Đỗ Phương Hương,Nữ,35-44,Đà Nẵng,1/26/2024,,,,,,,,,,,,
CUS00553,Dương Diệu Ngọc,Nữ,55-64,Huế,11/16/2023,,,,,,,,,,,,
CUS00554,Vũ Hữu Tú,Nam,25-34,Hải Phòng,5/31/2025,,,,,,,,,,,,
CUS00555,Võ Bích Hạnh,Nữ,18-24,Huế,4/1/2024,,,,,,,,,,,,
CUS00556,Lê Xuân Vinh,Nam,25-34,Nha Trang,12/29/2024,,,,,,,,,,,,
CUS00557,Vũ Bích Hạnh,Nữ,25-34,Buôn Ma Thuột,9/19/2024,,,,,,,,,,,,
CUS00558,Phạm Mai Quỳnh,Nữ,55-64,TP.HCM,10/29/2024,,,,,,,,,,,,
CUS00559,Hoàng Trọng Quân,Nam,35-44,Vũng Tàu,4/20/2025,,,,,,,,,,,,
CUS00560,Phạm Xuân Bình,Nam,18-24,Hạ Long,7/18/2024,,,,,,,,,,,,
CUS00561,Phạm Thị Quỳnh,Nữ,55-64,TP.HCM,11/28/2023,,,,,,,,,,,,
CUS00562,Đặng Quang Vinh,Nam,35-44,Đà Nẵng,2/23/2025,,,,,,,,,,,,
CUS00563,Huỳnh Văn Tuấn,Nam,65+,Nha Trang,1/15/2024,,,,,,,,,,,,
CUS00564,Trần Ngọc Hà,Nữ,18-24,Hải Phòng,12/12/2024,,,,,,,,,,,,
CUS00565,Trần Đức Sơn,Nam,65+,Đà Lạt,6/19/2023,,,,,,,,,,,,
CUS00566,Trần Hữu Hùng,Nam,35-44,Đà Lạt,6/29/2023,,,,,,,,,,,,
CUS00567,Võ Ngọc Ngọc,Nữ,35-44,Đà Lạt,4/2/2025,,,,,,,,,,,,
CUS00568,Huỳnh Ngọc Yến,Nữ,45-54,Đà Lạt,8/17/2023,,,,,,,,,,,,
CUS00569,Hồ Ngọc Hà,Nữ,55-64,TP.HCM,3/9/2024,,,,,,,,,,,,
CUS00570,Hồ Hữu Kiên,Nam,65+,Hạ Long,4/21/2024,,,,,,,,,,,,
CUS00571,Ngô Xuân Vinh,Nam,65+,Hải Phòng,11/1/2023,,,,,,,,,,,,
CUS00572,Phạm Quang Toàn,Nam,18-24,Buôn Ma Thuột,4/28/2025,,,,,,,,,,,,
CUS00573,Vũ Đức Cường,Nam,55-64,Vũng Tàu,5/23/2024,,,,,,,,,,,,
CUS00574,Huỳnh Ngọc Hạnh,Nữ,35-44,Hà Nội,4/29/2024,,,,,,,,,,,,
CUS00575,Hồ Diệu Thủy,Nữ,45-54,Nha Trang,7/3/2023,,,,,,,,,,,,
CUS00576,Lê Trọng Sơn,Nam,18-24,TP.HCM,8/17/2023,,,,,,,,,,,,
CUS00577,Lê Thị Ngọc,Nữ,18-24,Nha Trang,2/14/2024,,,,,,,,,,,,
CUS00578,Lý Quang Bình,Nam,35-44,Hà Nội,10/10/2023,,,,,,,,,,,,
CUS00579,Lê Xuân Phát,Nam,18-24,Buôn Ma Thuột,8/4/2024,,,,,,,,,,,,
CUS00580,Dương Diệu Trang,Nữ,35-44,Buôn Ma Thuột,11/21/2024,,,,,,,,,,,,
CUS00581,Phan Cẩm Ngọc,Nữ,55-64,Hạ Long,3/22/2025,,,,,,,,,,,,
CUS00582,Huỳnh Cẩm Thủy,Nữ,18-24,Vũng Tàu,8/1/2023,,,,,,,,,,,,
CUS00583,Nguyễn Mai Thủy,Nữ,55-64,Hạ Long,6/29/2024,,,,,,,,,,,,
CUS00584,Hoàng Trọng Nam,Nam,25-34,Hà Nội,3/23/2025,,,,,,,,,,,,
CUS00585,Huỳnh Đức Toàn,Nam,25-34,TP.HCM,3/7/2024,,,,,,,,,,,,
CUS00586,Vũ Cẩm Dung,Nữ,35-44,Hà Nội,11/9/2024,,,,,,,,,,,,
CUS00587,Vũ Thuỳ Mai,Nữ,35-44,Đà Lạt,6/10/2023,,,,,,,,,,,,
CUS00588,Võ Quang Long,Nam,45-54,Huế,9/21/2024,,,,,,,,,,,,
CUS00589,Vũ Văn Nam,Nam,65+,Vũng Tàu,11/27/2023,,,,,,,,,,,,
CUS00590,Lê Xuân Tú,Nam,18-24,Huế,6/22/2024,,,,,,,,,,,,
CUS00591,Hồ Xuân Nam,Nam,45-54,Hà Nội,4/28/2024,,,,,,,,,,,,
CUS00592,Dương Tuấn Minh,Nam,55-64,Vũng Tàu,12/14/2023,,,,,,,,,,,,
CUS00593,Phan Thuỳ Nhung,Nữ,25-34,Hạ Long,7/23/2024,,,,,,,,,,,,
CUS00594,Võ Gia Dũng,Nam,25-34,Đà Lạt,11/2/2023,,,,,,,,,,,,
CUS00595,Lý Xuân Cường,Nam,25-34,Buôn Ma Thuột,7/10/2023,,,,,,,,,,,,
CUS00596,Phạm Hữu Tuấn,Nam,55-64,TP.HCM,5/3/2024,,,,,,,,,,,,
CUS00597,Phạm Gia Phát,Nam,25-34,Hải Phòng,10/11/2023,,,,,,,,,,,,
CUS00598,Trần Đức Sơn,Nam,18-24,TP.HCM,5/30/2024,,,,,,,,,,,,
CUS00599,Bùi Tuấn Sơn,Nam,65+,Đà Nẵng,8/30/2023,,,,,,,,,,,,
CUS00600,Bùi Thanh Nam,Nam,25-34,Hà Nội,1/8/2024,,,,,,,,,,,,
CUS00601,Vũ Quang Thịnh,Nam,45-54,Đà Lạt,3/13/2024,,,,,,,,,,,,
CUS00602,Vũ Văn Thịnh,Nam,18-24,Đà Lạt,2/1/2024,,,,,,,,,,,,
CUS00603,Võ Văn Tú,Nam,55-64,Nha Trang,11/4/2024,,,,,,,,,,,,
CUS00604,Hoàng Xuân Khánh,Nam,35-44,TP.HCM,8/10/2023,,,,,,,,,,,,
CUS00605,Đỗ Gia Nam,Nam,25-34,Buôn Ma Thuột,9/12/2023,,,,,,,,,,,,
CUS00606,Huỳnh Bích Hà,Nữ,18-24,Hà Nội,3/5/2024,,,,,,,,,,,,
CUS00607,Lý Ngọc Hà,Nữ,45-54,Hạ Long,10/5/2023,,,,,,,,,,,,
CUS00608,Nguyễn Thanh Anh,Nữ,35-44,Huế,5/28/2025,,,,,,,,,,,,
CUS00609,Đỗ Thanh Yến,Nữ,45-54,Hà Nội,8/8/2023,,,,,,,,,,,,
CUS00610,Hồ Ngọc Quỳnh,Nữ,25-34,Hạ Long,8/19/2023,,,,,,,,,,,,
CUS00611,Phan Thị Chi,Nữ,18-24,Đà Lạt,9/8/2023,,,,,,,,,,,,
CUS00612,Lê Phương Ngọc,Nữ,18-24,Đà Nẵng,8/7/2024,,,,,,,,,,,,
CUS00613,Võ Thuỳ Trang,Nữ,18-24,Nha Trang,8/30/2023,,,,,,,,,,,,
CUS00614,Phạm Gia Kiên,Nam,55-64,Hải Phòng,4/25/2024,,,,,,,,,,,,
CUS00615,Phan Tuấn Sơn,Nam,35-44,Vũng Tàu,2/26/2024,,,,,,,,,,,,
CUS00616,Bùi Cẩm Dung,Nữ,35-44,Hạ Long,4/10/2024,,,,,,,,,,,,
CUS00617,Vũ Thuỳ Bích,Nữ,55-64,Hà Nội,10/17/2024,,,,,,,,,,,,
CUS00618,Trần Thuỳ Trang,Nữ,25-34,Hà Nội,10/19/2024,,,,,,,,,,,,
CUS00619,Hồ Thanh Thịnh,Nam,65+,Huế,1/27/2025,,,,,,,,,,,,
CUS00620,Đặng Phương Hà,Nữ,25-34,Buôn Ma Thuột,5/6/2024,,,,,,,,,,,,
CUS00621,Đặng Thuỳ Chi,Nữ,18-24,Đà Nẵng,10/7/2023,,,,,,,,,,,,
CUS00622,Phan Thị Hương,Nữ,45-54,Hạ Long,10/19/2024,,,,,,,,,,,,
CUS00623,Phan Cẩm Linh,Nữ,55-64,Vũng Tàu,12/15/2024,,,,,,,,,,,,
CUS00624,Huỳnh Gia Vinh,Nam,55-64,Hạ Long,7/29/2024,,,,,,,,,,,,
CUS00625,Huỳnh Hồng Hoa,Nữ,35-44,Hải Phòng,10/6/2024,,,,,,,,,,,,
CUS00626,Võ Tuấn Cường,Nam,35-44,Đà Lạt,1/11/2024,,,,,,,,,,,,
CUS00627,Võ Hồng Thảo,Nữ,55-64,Nha Trang,4/10/2024,,,,,,,,,,,,
CUS00628,Võ Bích Vân,Nữ,25-34,Hải Phòng,4/27/2024,,,,,,,,,,,,
CUS00629,Hồ Diệu Dung,Nữ,35-44,Cần Thơ,4/5/2025,,,,,,,,,,,,
CUS00630,Hồ Mai Dung,Nữ,25-34,Đà Lạt,7/5/2024,,,,,,,,,,,,
CUS00631,Hồ Gia Hải,Nam,55-64,Đà Nẵng,6/18/2023,,,,,,,,,,,,
CUS00632,Vũ Bích Anh,Nữ,25-34,Vũng Tàu,1/8/2025,,,,,,,,,,,,
CUS00633,Võ Bích Hoa,Nữ,65+,Cần Thơ,4/7/2025,,,,,,,,,,,,
CUS00634,Lý Văn Cường,Nam,45-54,Nha Trang,1/14/2025,,,,,,,,,,,,
CUS00635,Lê Tuấn Anh,Nam,65+,Đà Lạt,4/4/2025,,,,,,,,,,,,
CUS00636,Lý Thị Vân,Nữ,65+,Buôn Ma Thuột,4/6/2024,,,,,,,,,,,,
CUS00637,Dương Gia Hùng,Nam,18-24,Cần Thơ,5/10/2024,,,,,,,,,,,,
CUS00638,Võ Ngọc Chi,Nữ,65+,Đà Lạt,10/1/2024,,,,,,,,,,,,
CUS00639,Phạm Gia Thắng,Nam,55-64,Hạ Long,4/23/2024,,,,,,,,,,,,
CUS00640,Võ Gia Vinh,Nam,45-54,TP.HCM,8/14/2023,,,,,,,,,,,,
CUS00641,Nguyễn Trọng Nam,Nam,55-64,Hải Phòng,12/27/2023,,,,,,,,,,,,
CUS00642,Dương Thanh Tuấn,Nam,55-64,Hà Nội,8/26/2023,,,,,,,,,,,,
CUS00643,Trần Phương Hương,Nữ,25-34,Cần Thơ,5/21/2024,,,,,,,,,,,,
CUS00644,Trần Hồng Phương,Nữ,45-54,Hải Phòng,10/25/2024,,,,,,,,,,,,
CUS00645,Bùi Đức Minh,Nam,55-64,Hà Nội,5/21/2024,,,,,,,,,,,,
CUS00646,Bùi Quang Minh,Nam,45-54,Hà Nội,8/29/2023,,,,,,,,,,,,
CUS00647,Hoàng Thuỳ Yến,Nữ,35-44,Buôn Ma Thuột,7/1/2024,,,,,,,,,,,,
CUS00648,Hoàng Hữu Hải,Nam,45-54,Vũng Tàu,6/26/2024,,,,,,,,,,,,
CUS00649,Đỗ Minh Khánh,Nam,18-24,Đà Lạt,6/27/2023,,,,,,,,,,,,
CUS00650,Đỗ Gia Anh,Nam,35-44,Cần Thơ,12/28/2024,,,,,,,,,,,,
CUS00651,Ngô Trọng Sơn,Nam,25-34,Hạ Long,3/16/2024,,,,,,,,,,,,
CUS00652,Đỗ Hữu Thịnh,Nam,25-34,TP.HCM,1/19/2025,,,,,,,,,,,,
CUS00653,Lý Mai Thảo,Nữ,18-24,Vũng Tàu,2/19/2025,,,,,,,,,,,,
CUS00654,Nguyễn Quang Tuấn,Nam,25-34,Hà Nội,7/2/2023,,,,,,,,,,,,
CUS00655,Phan Hữu Hùng,Nam,65+,Hạ Long,5/19/2024,,,,,,,,,,,,
CUS00656,Võ Ngọc Bích,Nữ,55-64,Buôn Ma Thuột,9/11/2024,,,,,,,,,,,,
CUS00657,Lê Thanh Hương,Nữ,65+,Hải Phòng,11/13/2024,,,,,,,,,,,,
CUS00658,Hồ Diệu Vân,Nữ,45-54,Đà Nẵng,10/14/2023,,,,,,,,,,,,
CUS00659,Phan Trọng Long,Nam,18-24,Hà Nội,3/6/2024,,,,,,,,,,,,
CUS00660,Đặng Ngọc Mai,Nữ,55-64,TP.HCM,12/28/2024,,,,,,,,,,,,
CUS00661,Hoàng Hồng Trang,Nữ,55-64,Hải Phòng,12/11/2024,,,,,,,,,,,,
CUS00662,Phan Mai Thảo,Nữ,25-34,Huế,5/24/2024,,,,,,,,,,,,
CUS00663,Nguyễn Trọng Vinh,Nam,25-34,Huế,4/9/2024,,,,,,,,,,,,
CUS00664,Dương Xuân Cường,Nam,45-54,Hạ Long,4/2/2024,,,,,,,,,,,,
CUS00665,Nguyễn Thanh Bích,Nữ,55-64,Đà Nẵng,7/15/2024,,,,,,,,,,,,
CUS00666,Vũ Tuấn Hải,Nam,45-54,Buôn Ma Thuột,4/30/2024,,,,,,,,,,,,
CUS00667,Huỳnh Mai Yến,Nữ,65+,Đà Lạt,5/17/2025,,,,,,,,,,,,
CUS00668,Trần Minh Cường,Nam,45-54,Cần Thơ,10/29/2024,,,,,,,,,,,,
CUS00669,Lê Minh Long,Nam,35-44,Hạ Long,8/12/2023,,,,,,,,,,,,
CUS00670,Hoàng Cẩm Hương,Nữ,65+,Hà Nội,3/15/2025,,,,,,,,,,,,
CUS00671,Phan Hồng Thảo,Nữ,35-44,Buôn Ma Thuột,4/22/2024,,,,,,,,,,,,
CUS00672,Đỗ Xuân Hải,Nam,18-24,Vũng Tàu,4/23/2025,,,,,,,,,,,,
CUS00673,Phan Gia Vinh,Nam,25-34,Hải Phòng,5/16/2025,,,,,,,,,,,,
CUS00674,Lý Văn Nam,Nam,65+,Đà Nẵng,5/23/2024,,,,,,,,,,,,
CUS00675,Nguyễn Bích Chi,Nữ,25-34,Cần Thơ,6/16/2023,,,,,,,,,,,,
CUS00676,Hoàng Gia Hải,Nam,55-64,Hạ Long,3/17/2025,,,,,,,,,,,,
CUS00677,Hồ Ngọc Thảo,Nữ,65+,Huế,9/9/2023,,,,,,,,,,,,
CUS00678,Ngô Cẩm Thảo,Nữ,65+,Đà Nẵng,1/19/2024,,,,,,,,,,,,
CUS00679,Dương Ngọc Hương,Nữ,65+,Huế,10/18/2023,,,,,,,,,,,,
CUS00680,Đặng Xuân Sơn,Nam,18-24,Huế,5/15/2025,,,,,,,,,,,,
CUS00681,Đặng Hồng Mai,Nữ,35-44,Hạ Long,12/27/2023,,,,,,,,,,,,
CUS00682,Hồ Bích Anh,Nữ,25-34,Nha Trang,1/20/2025,,,,,,,,,,,,
CUS00683,Vũ Thuỳ Lan,Nữ,25-34,Huế,3/6/2025,,,,,,,,,,,,
CUS00684,Bùi Tuấn Dũng,Nam,25-34,Vũng Tàu,1/26/2024,,,,,,,,,,,,
CUS00685,Hồ Cẩm Hạnh,Nữ,18-24,Cần Thơ,6/3/2024,,,,,,,,,,,,
CUS00686,Lý Tuấn Cường,Nam,55-64,Hải Phòng,7/20/2023,,,,,,,,,,,,
CUS00687,Hoàng Bích Bích,Nữ,18-24,Nha Trang,5/19/2024,,,,,,,,,,,,
CUS00688,Đỗ Trọng Phát,Nam,35-44,Huế,3/9/2024,,,,,,,,,,,,
CUS00689,Trần Hữu Toàn,Nam,18-24,Đà Nẵng,5/11/2024,,,,,,,,,,,,
CUS00690,Hồ Diệu Hạnh,Nữ,35-44,Hạ Long,7/4/2024,,,,,,,,,,,,
CUS00691,Đỗ Hữu Tuấn,Nam,25-34,Nha Trang,2/18/2024,,,,,,,,,,,,
CUS00692,Huỳnh Tuấn Cường,Nam,35-44,Đà Nẵng,6/12/2023,,,,,,,,,,,,
CUS00693,Huỳnh Quang Kiên,Nam,55-64,Hải Phòng,5/24/2024,,,,,,,,,,,,
CUS00694,Dương Thanh Long,Nam,35-44,Buôn Ma Thuột,1/29/2025,,,,,,,,,,,,
CUS00695,Lý Bích Chi,Nữ,65+,Hải Phòng,8/29/2023,,,,,,,,,,,,
CUS00696,Nguyễn Xuân Vinh,Nam,55-64,TP.HCM,12/24/2024,,,,,,,,,,,,
CUS00697,Trần Gia Quân,Nam,18-24,Hải Phòng,2/14/2024,,,,,,,,,,,,
CUS00698,Phan Xuân Thịnh,Nam,35-44,Vũng Tàu,12/10/2024,,,,,,,,,,,,
CUS00699,Bùi Mai Vân,Nữ,65+,Hải Phòng,8/8/2023,,,,,,,,,,,,
CUS00700,Hồ Xuân Hải,Nam,25-34,Vũng Tàu,4/28/2025,,,,,,,,,,,,
CUS00701,Vũ Bích Mai,Nữ,25-34,Hải Phòng,4/22/2024,,,,,,,,,,,,
CUS00702,Vũ Quang Phát,Nam,45-54,TP.HCM,3/24/2024,,,,,,,,,,,,
CUS00703,Đỗ Thanh Trang,Nữ,35-44,Nha Trang,10/2/2024,,,,,,,,,,,,
CUS00704,Trần Văn Khánh,Nam,35-44,Huế,2/6/2024,,,,,,,,,,,,
CUS00705,Ngô Thuỳ Ngọc,Nữ,55-64,Buôn Ma Thuột,1/7/2025,,,,,,,,,,,,
CUS00706,Đặng Mai Yến,Nữ,55-64,Đà Nẵng,7/9/2023,,,,,,,,,,,,
CUS00707,Hồ Tuấn Toàn,Nam,65+,Huế,10/28/2023,,,,,,,,,,,,
CUS00708,Dương Mai Phương,Nữ,55-64,Hà Nội,5/11/2025,,,,,,,,,,,,
CUS00709,Bùi Thị Thủy,Nữ,55-64,Đà Nẵng,3/2/2024,,,,,,,,,,,,
CUS00710,Đặng Cẩm Ngọc,Nữ,25-34,Đà Lạt,8/31/2023,,,,,,,,,,,,
CUS00711,Phan Tuấn Sơn,Nam,45-54,Hà Nội,4/23/2025,,,,,,,,,,,,
CUS00712,Đặng Mai Hà,Nữ,18-24,Vũng Tàu,10/24/2023,,,,,,,,,,,,
CUS00713,Bùi Đức Hùng,Nam,25-34,Vũng Tàu,10/3/2024,,,,,,,,,,,,
CUS00714,Lê Xuân Thắng,Nam,55-64,Vũng Tàu,12/24/2023,,,,,,,,,,,,
CUS00715,Vũ Trọng Nam,Nam,35-44,Hà Nội,8/6/2024,,,,,,,,,,,,
CUS00716,Lê Minh Tuấn,Nam,45-54,Nha Trang,11/19/2023,,,,,,,,,,,,
CUS00717,Ngô Hồng Hà,Nữ,35-44,Hạ Long,2/21/2024,,,,,,,,,,,,
CUS00718,Phạm Phương Phương,Nữ,25-34,Hạ Long,2/7/2025,,,,,,,,,,,,
CUS00719,Bùi Thanh Lan,Nữ,45-54,Vũng Tàu,11/8/2023,,,,,,,,,,,,
CUS00720,Lý Hữu Phát,Nam,65+,Cần Thơ,8/10/2023,,,,,,,,,,,,
CUS00721,Huỳnh Minh Dũng,Nam,35-44,Hạ Long,8/6/2024,,,,,,,,,,,,
CUS00722,Phan Đức Bình,Nam,45-54,Huế,2/2/2025,,,,,,,,,,,,
CUS00723,Đỗ Hữu Khánh,Nam,18-24,TP.HCM,8/6/2024,,,,,,,,,,,,
CUS00724,Đặng Bích Trang,Nữ,55-64,Cần Thơ,4/3/2025,,,,,,,,,,,,
CUS00725,Huỳnh Thị Quỳnh,Nữ,25-34,Huế,6/1/2025,,,,,,,,,,,,
CUS00726,Đỗ Ngọc Vân,Nữ,45-54,TP.HCM,5/23/2025,,,,,,,,,,,,
CUS00727,Huỳnh Thị Trang,Nữ,25-34,Huế,3/7/2025,,,,,,,,,,,,
CUS00728,Trần Ngọc Hà,Nữ,65+,Buôn Ma Thuột,8/25/2023,,,,,,,,,,,,
CUS00729,Đặng Thuỳ Dung,Nữ,45-54,Vũng Tàu,12/20/2024,,,,,,,,,,,,
CUS00730,Lý Diệu Hạnh,Nữ,45-54,Hạ Long,12/24/2024,,,,,,,,,,,,
CUS00731,Nguyễn Trọng Tuấn,Nam,18-24,Hạ Long,8/28/2024,,,,,,,,,,,,
CUS00732,Nguyễn Thuỳ Hạnh,Nữ,65+,Hạ Long,2/27/2025,,,,,,,,,,,,
CUS00733,Dương Đức Quân,Nam,18-24,Hải Phòng,11/30/2024,,,,,,,,,,,,
CUS00734,Bùi Mai Linh,Nữ,25-34,Đà Nẵng,8/3/2024,,,,,,,,,,,,
CUS00735,Huỳnh Minh Toàn,Nam,25-34,Nha Trang,7/24/2024,,,,,,,,,,,,
CUS00736,Vũ Tuấn Phát,Nam,25-34,Hải Phòng,10/13/2023,,,,,,,,,,,,
CUS00737,Lý Quang Toàn,Nam,65+,Huế,1/14/2024,,,,,,,,,,,,
CUS00738,Lý Phương Trang,Nữ,45-54,Buôn Ma Thuột,5/28/2024,,,,,,,,,,,,
CUS00739,Võ Cẩm Chi,Nữ,55-64,Cần Thơ,10/4/2024,,,,,,,,,,,,
CUS00740,Võ Minh Tuấn,Nam,45-54,Hải Phòng,10/15/2024,,,,,,,,,,,,
CUS00741,Lê Minh Hải,Nam,35-44,Hà Nội,8/25/2023,,,,,,,,,,,,
CUS00742,Phạm Hồng Phương,Nữ,55-64,Đà Lạt,1/13/2024,,,,,,,,,,,,
CUS00743,Ngô Quang Long,Nam,45-54,Cần Thơ,1/16/2024,,,,,,,,,,,,
CUS00744,Võ Tuấn Thịnh,Nam,18-24,Nha Trang,11/8/2024,,,,,,,,,,,,
CUS00745,Huỳnh Diệu Linh,Nữ,65+,Hạ Long,8/4/2023,,,,,,,,,,,,
CUS00746,Lê Văn Thịnh,Nam,65+,Vũng Tàu,3/10/2024,,,,,,,,,,,,
CUS00747,Đỗ Văn Phát,Nam,55-64,Cần Thơ,7/19/2024,,,,,,,,,,,,
CUS00748,Đỗ Hồng Hà,Nữ,35-44,Đà Nẵng,11/2/2023,,,,,,,,,,,,
CUS00749,Đặng Diệu Thảo,Nữ,35-44,Nha Trang,2/10/2024,,,,,,,,,,,,
CUS00750,Bùi Quang Hải,Nam,18-24,TP.HCM,4/28/2024,,,,,,,,,,,,
CUS00751,Hồ Mai Phương,Nữ,45-54,Đà Lạt,7/2/2024,,,,,,,,,,,,
CUS00752,Đỗ Trọng Cường,Nam,65+,Đà Nẵng,7/7/2023,,,,,,,,,,,,
CUS00753,Bùi Minh Tú,Nam,45-54,Vũng Tàu,10/13/2024,,,,,,,,,,,,
CUS00754,Đỗ Cẩm Hà,Nữ,45-54,Buôn Ma Thuột,11/17/2023,,,,,,,,,,,,
CUS00755,Võ Trọng Phát,Nam,55-64,Hà Nội,10/26/2023,,,,,,,,,,,,
CUS00756,Vũ Đức Dũng,Nam,45-54,Hải Phòng,3/31/2024,,,,,,,,,,,,
CUS00757,Lý Bích Dung,Nữ,35-44,Vũng Tàu,5/22/2025,,,,,,,,,,,,
CUS00758,Trần Phương Ngọc,Nữ,35-44,Cần Thơ,9/6/2024,,,,,,,,,,,,
CUS00759,Đặng Trọng Hùng,Nam,65+,Hạ Long,6/7/2024,,,,,,,,,,,,
CUS00760,Bùi Hữu Hải,Nam,45-54,Nha Trang,1/15/2024,,,,,,,,,,,,
CUS00761,Phan Hồng Thủy,Nữ,35-44,Buôn Ma Thuột,10/26/2023,,,,,,,,,,,,
CUS00762,Hoàng Trọng Phát,Nam,55-64,Đà Nẵng,2/13/2024,,,,,,,,,,,,
CUS00763,Ngô Đức Long,Nam,18-24,Buôn Ma Thuột,4/19/2025,,,,,,,,,,,,
CUS00764,Bùi Thanh Khánh,Nam,18-24,Đà Lạt,8/7/2023,,,,,,,,,,,,
CUS00765,Hoàng Gia Sơn,Nam,25-34,Hà Nội,6/20/2023,,,,,,,,,,,,
CUS00766,Phạm Quang Anh,Nam,25-34,TP.HCM,1/9/2024,,,,,,,,,,,,
CUS00767,Phạm Diệu Hoa,Nữ,55-64,Vũng Tàu,3/30/2024,,,,,,,,,,,,
CUS00768,Phan Văn Tuấn,Nam,65+,Hạ Long,7/8/2023,,,,,,,,,,,,
CUS00769,Lê Minh Long,Nam,18-24,Nha Trang,12/21/2024,,,,,,,,,,,,
CUS00770,Võ Thanh Thịnh,Nam,35-44,Hải Phòng,10/18/2024,,,,,,,,,,,,
CUS00771,Huỳnh Bích Yến,Nữ,45-54,Đà Lạt,7/23/2024,,,,,,,,,,,,
CUS00772,Vũ Phương Quỳnh,Nữ,55-64,Huế,6/6/2023,,,,,,,,,,,,
CUS00773,Võ Thanh Vinh,Nam,55-64,Hà Nội,5/7/2025,,,,,,,,,,,,
CUS00774,Lê Hồng Yến,Nữ,35-44,Vũng Tàu,2/11/2024,,,,,,,,,,,,
CUS00775,Ngô Ngọc Anh,Nữ,45-54,Buôn Ma Thuột,5/21/2025,,,,,,,,,,,,
CUS00776,Huỳnh Cẩm Trang,Nữ,35-44,Vũng Tàu,4/5/2024,,,,,,,,,,,,
CUS00777,Võ Bích Mai,Nữ,45-54,Buôn Ma Thuột,4/12/2024,,,,,,,,,,,,
CUS00778,Đặng Thị Thảo,Nữ,55-64,Nha Trang,1/29/2025,,,,,,,,,,,,
CUS00779,Hồ Cẩm Linh,Nữ,25-34,Hà Nội,12/21/2024,,,,,,,,,,,,
CUS00780,Bùi Gia Quân,Nam,35-44,Huế,9/4/2024,,,,,,,,,,,,
CUS00781,Huỳnh Cẩm Chi,Nữ,35-44,Đà Lạt,11/20/2024,,,,,,,,,,,,
CUS00782,Võ Cẩm Hoa,Nữ,65+,Đà Lạt,6/14/2024,,,,,,,,,,,,
CUS00783,Dương Quang Bình,Nam,65+,Hà Nội,3/19/2025,,,,,,,,,,,,
CUS00784,Đỗ Quang Hùng,Nam,18-24,Đà Lạt,12/27/2024,,,,,,,,,,,,
CUS00785,Đặng Tuấn Kiên,Nam,65+,Cần Thơ,4/25/2024,,,,,,,,,,,,
CUS00786,Huỳnh Gia Anh,Nam,18-24,Đà Nẵng,9/19/2024,,,,,,,,,,,,
CUS00787,Vũ Mai Ngọc,Nữ,55-64,Nha Trang,12/24/2024,,,,,,,,,,,,
CUS00788,Ngô Gia Quân,Nam,35-44,Vũng Tàu,9/29/2024,,,,,,,,,,,,
CUS00789,Phan Tuấn Long,Nam,55-64,TP.HCM,6/1/2025,,,,,,,,,,,,
CUS00790,Vũ Xuân Vinh,Nam,65+,Hạ Long,7/14/2024,,,,,,,,,,,,
CUS00791,Phan Mai Thủy,Nữ,65+,Hạ Long,12/8/2023,,,,,,,,,,,,
CUS00792,Dương Diệu Hà,Nữ,65+,Hải Phòng,6/23/2023,,,,,,,,,,,,
CUS00793,Phạm Diệu Anh,Nữ,45-54,Hải Phòng,1/4/2025,,,,,,,,,,,,
CUS00794,Trần Phương Ngọc,Nữ,45-54,Buôn Ma Thuột,1/29/2025,,,,,,,,,,,,
CUS00795,Bùi Ngọc Lan,Nữ,55-64,Buôn Ma Thuột,9/28/2023,,,,,,,,,,,,
CUS00796,Lý Ngọc Phương,Nữ,55-64,Hà Nội,12/9/2023,,,,,,,,,,,,
CUS00797,Đỗ Quang Tuấn,Nam,25-34,TP.HCM,7/16/2024,,,,,,,,,,,,
CUS00798,Hồ Diệu Dung,Nữ,18-24,Hạ Long,4/11/2025,,,,,,,,,,,,
CUS00799,Huỳnh Phương Yến,Nữ,35-44,Hải Phòng,6/19/2024,,,,,,,,,,,,
CUS00800,Huỳnh Văn Tú,Nam,25-34,Vũng Tàu,3/7/2025,,,,,,,,,,,,
CUS00801,Nguyễn Cẩm Linh,Nữ,65+,Đà Lạt,12/5/2023,,,,,,,,,,,,
CUS00802,Hồ Ngọc Dung,Nữ,65+,Đà Lạt,11/16/2023,,,,,,,,,,,,
CUS00803,Dương Văn Minh,Nam,18-24,Hải Phòng,12/24/2024,,,,,,,,,,,,
CUS00804,Lê Gia Cường,Nam,55-64,TP.HCM,2/13/2025,,,,,,,,,,,,
CUS00805,Võ Đức Minh,Nam,65+,Buôn Ma Thuột,12/8/2024,,,,,,,,,,,,
CUS00806,Võ Thuỳ Lan,Nữ,25-34,Đà Nẵng,9/23/2024,,,,,,,,,,,,
CUS00807,Bùi Thuỳ Hoa,Nữ,45-54,Vũng Tàu,1/21/2024,,,,,,,,,,,,
CUS00808,Võ Quang Kiên,Nam,35-44,Hà Nội,6/1/2024,,,,,,,,,,,,
CUS00809,Huỳnh Diệu Hạnh,Nữ,35-44,Đà Lạt,12/17/2024,,,,,,,,,,,,
CUS00810,Huỳnh Minh Thịnh,Nam,25-34,TP.HCM,4/29/2025,,,,,,,,,,,,
CUS00811,Bùi Xuân Minh,Nam,35-44,Hạ Long,9/11/2024,,,,,,,,,,,,
CUS00812,Võ Phương Hoa,Nữ,35-44,Đà Nẵng,10/17/2023,,,,,,,,,,,,
CUS00813,Hồ Bích Bích,Nữ,45-54,Nha Trang,4/7/2024,,,,,,,,,,,,
CUS00814,Huỳnh Mai Hoa,Nữ,35-44,Đà Nẵng,4/26/2025,,,,,,,,,,,,
CUS00815,Phạm Gia Hùng,Nam,35-44,Hải Phòng,6/30/2024,,,,,,,,,,,,
CUS00816,Phan Mai Chi,Nữ,18-24,Buôn Ma Thuột,2/19/2025,,,,,,,,,,,,
CUS00817,Vũ Bích Yến,Nữ,35-44,Hà Nội,3/11/2024,,,,,,,,,,,,
CUS00818,Đỗ Thuỳ Anh,Nữ,45-54,Hà Nội,10/26/2024,,,,,,,,,,,,
CUS00819,Ngô Mai Anh,Nữ,35-44,Đà Nẵng,10/13/2023,,,,,,,,,,,,
CUS00820,Phan Thanh Anh,Nam,65+,Buôn Ma Thuột,1/31/2024,,,,,,,,,,,,
CUS00821,Trần Tuấn Sơn,Nam,35-44,Đà Lạt,9/19/2024,,,,,,,,,,,,
CUS00822,Lê Bích Vân,Nữ,35-44,Cần Thơ,10/1/2023,,,,,,,,,,,,
CUS00823,Phạm Phương Thảo,Nữ,25-34,Đà Nẵng,12/13/2023,,,,,,,,,,,,
CUS00824,Lý Hữu Dũng,Nam,18-24,Cần Thơ,5/6/2024,,,,,,,,,,,,
CUS00825,Hoàng Phương Anh,Nữ,65+,Buôn Ma Thuột,2/20/2024,,,,,,,,,,,,
CUS00826,Đặng Mai Thủy,Nữ,45-54,Hải Phòng,7/7/2023,,,,,,,,,,,,
CUS00827,Vũ Ngọc Yến,Nữ,65+,Đà Lạt,6/25/2024,,,,,,,,,,,,
CUS00828,Trần Thanh Anh,Nữ,35-44,Hải Phòng,1/27/2024,,,,,,,,,,,,
CUS00829,Phan Thanh Anh,Nữ,65+,Đà Lạt,7/14/2024,,,,,,,,,,,,
CUS00830,Huỳnh Đức Dũng,Nam,65+,Hà Nội,11/5/2024,,,,,,,,,,,,
CUS00831,Hồ Quang Toàn,Nam,65+,Hạ Long,12/11/2024,,,,,,,,,,,,
CUS00832,Lê Minh Bình,Nam,55-64,TP.HCM,7/12/2023,,,,,,,,,,,,
CUS00833,Lê Tuấn Thắng,Nam,25-34,Buôn Ma Thuột,10/7/2024,,,,,,,,,,,,
CUS00834,Dương Văn Cường,Nam,25-34,Đà Lạt,12/29/2024,,,,,,,,,,,,
CUS00835,Phan Mai Thảo,Nữ,25-34,Đà Nẵng,4/20/2024,,,,,,,,,,,,
CUS00836,Lê Hồng Quỳnh,Nữ,45-54,Buôn Ma Thuột,7/17/2023,,,,,,,,,,,,
CUS00837,Võ Hữu Dũng,Nam,55-64,Đà Lạt,9/2/2023,,,,,,,,,,,,
CUS00838,Đặng Thị Phương,Nữ,45-54,Đà Nẵng,11/30/2024,,,,,,,,,,,,
CUS00839,Hoàng Bích Yến,Nữ,65+,Cần Thơ,12/19/2023,,,,,,,,,,,,
CUS00840,Ngô Quang Toàn,Nam,18-24,Đà Lạt,3/30/2024,,,,,,,,,,,,
CUS00841,Hoàng Cẩm Phương,Nữ,25-34,Huế,7/6/2024,,,,,,,,,,,,
CUS00842,Nguyễn Văn Hải,Nam,35-44,Huế,12/28/2024,,,,,,,,,,,,
CUS00843,Đỗ Mai Yến,Nữ,18-24,Nha Trang,12/5/2024,,,,,,,,,,,,
CUS00844,Đỗ Trọng Phát,Nam,45-54,Nha Trang,9/1/2024,,,,,,,,,,,,
CUS00845,Huỳnh Đức Toàn,Nam,65+,Đà Lạt,6/22/2023,,,,,,,,,,,,
CUS00846,Phạm Văn Sơn,Nam,55-64,Nha Trang,9/14/2023,,,,,,,,,,,,
CUS00847,Hồ Thanh Ngọc,Nữ,35-44,Buôn Ma Thuột,1/15/2024,,,,,,,,,,,,
CUS00848,Dương Mai Mai,Nữ,35-44,Buôn Ma Thuột,1/12/2024,,,,,,,,,,,,
CUS00849,Lý Thị Vân,Nữ,25-34,Hà Nội,6/18/2024,,,,,,,,,,,,
CUS00850,Phạm Quang Dũng,Nam,35-44,Huế,6/3/2025,,,,,,,,,,,,
CUS00851,Nguyễn Ngọc Vân,Nữ,55-64,Huế,12/5/2024,,,,,,,,,,,,
CUS00852,Hồ Thanh Hương,Nữ,55-64,Nha Trang,7/30/2024,,,,,,,,,,,,
CUS00853,Ngô Thuỳ Phương,Nữ,35-44,Cần Thơ,1/4/2024,,,,,,,,,,,,
CUS00854,Hoàng Tuấn Sơn,Nam,35-44,Hạ Long,4/22/2025,,,,,,,,,,,,
CUS00855,Dương Ngọc Quỳnh,Nữ,25-34,Cần Thơ,1/4/2025,,,,,,,,,,,,
CUS00856,Hồ Bích Bích,Nữ,35-44,Đà Lạt,4/19/2024,,,,,,,,,,,,
CUS00857,Nguyễn Cẩm Bích,Nữ,55-64,Cần Thơ,2/18/2025,,,,,,,,,,,,
CUS00858,Huỳnh Xuân Dũng,Nam,35-44,Đà Lạt,3/21/2025,,,,,,,,,,,,
CUS00859,Nguyễn Minh Dũng,Nam,55-64,Hạ Long,6/6/2023,,,,,,,,,,,,
CUS00860,Huỳnh Ngọc Vân,Nữ,45-54,Hạ Long,10/15/2024,,,,,,,,,,,,
CUS00861,Dương Thuỳ Ngọc,Nữ,35-44,Huế,10/31/2023,,,,,,,,,,,,
CUS00862,Lê Xuân Kiên,Nam,18-24,Buôn Ma Thuột,6/24/2023,,,,,,,,,,,,
CUS00863,Ngô Phương Hương,Nữ,55-64,Hải Phòng,5/27/2025,,,,,,,,,,,,
CUS00864,Phan Văn Thịnh,Nam,65+,Huế,4/1/2025,,,,,,,,,,,,
CUS00865,Nguyễn Thị Hoa,Nữ,25-34,Hà Nội,8/10/2024,,,,,,,,,,,,
CUS00866,Nguyễn Hữu Vinh,Nam,45-54,Đà Lạt,12/19/2024,,,,,,,,,,,,
CUS00867,Lê Phương Phương,Nữ,25-34,Đà Lạt,12/17/2024,,,,,,,,,,,,
CUS00868,Trần Tuấn Long,Nam,45-54,Hạ Long,9/18/2023,,,,,,,,,,,,
CUS00869,Vũ Thị Quỳnh,Nữ,45-54,Cần Thơ,1/14/2024,,,,,,,,,,,,
CUS00870,Lý Hữu Tú,Nam,55-64,Vũng Tàu,5/3/2024,,,,,,,,,,,,
CUS00871,Hoàng Cẩm Anh,Nữ,25-34,Buôn Ma Thuột,9/26/2024,,,,,,,,,,,,
CUS00872,Bùi Quang Cường,Nam,18-24,Vũng Tàu,10/29/2024,,,,,,,,,,,,
CUS00873,Trần Thuỳ Lan,Nữ,18-24,Vũng Tàu,1/22/2025,,,,,,,,,,,,
CUS00874,Nguyễn Đức Quân,Nam,25-34,Cần Thơ,12/26/2023,,,,,,,,,,,,
CUS00875,Võ Hồng Linh,Nữ,35-44,Hải Phòng,6/23/2023,,,,,,,,,,,,
CUS00876,Đặng Thị Hạnh,Nữ,35-44,TP.HCM,5/20/2024,,,,,,,,,,,,
CUS00877,Lý Quang Dũng,Nam,55-64,Nha Trang,5/6/2024,,,,,,,,,,,,
CUS00878,Vũ Cẩm Yến,Nữ,55-64,Đà Nẵng,2/13/2025,,,,,,,,,,,,
CUS00879,Ngô Văn Bình,Nam,45-54,Cần Thơ,2/3/2025,,,,,,,,,,,,
CUS00880,Huỳnh Quang Nam,Nam,25-34,Hà Nội,4/8/2024,,,,,,,,,,,,
CUS00881,Trần Hồng Trang,Nữ,65+,Nha Trang,12/13/2023,,,,,,,,,,,,
CUS00882,Phan Diệu Mai,Nữ,35-44,Đà Nẵng,9/12/2023,,,,,,,,,,,,
CUS00883,Đỗ Thanh Vân,Nữ,18-24,TP.HCM,8/22/2024,,,,,,,,,,,,
CUS00884,Nguyễn Bích Anh,Nữ,65+,Đà Lạt,3/1/2025,,,,,,,,,,,,
CUS00885,Lê Thanh Thảo,Nữ,65+,Đà Lạt,5/7/2024,,,,,,,,,,,,
CUS00886,Nguyễn Diệu Phương,Nữ,65+,TP.HCM,4/15/2025,,,,,,,,,,,,
CUS00887,Đỗ Quang Quân,Nam,25-34,Hạ Long,5/17/2025,,,,,,,,,,,,
CUS00888,Lê Bích Yến,Nữ,65+,Vũng Tàu,9/13/2024,,,,,,,,,,,,
CUS00889,Võ Hữu Tú,Nam,18-24,Đà Lạt,6/1/2025,,,,,,,,,,,,
CUS00890,Phạm Bích Ngọc,Nữ,55-64,Hải Phòng,10/29/2023,,,,,,,,,,,,
CUS00891,Lê Cẩm Hoa,Nữ,55-64,Đà Nẵng,4/23/2025,,,,,,,,,,,,
CUS00892,Đỗ Thị Quỳnh,Nữ,45-54,Huế,7/7/2024,,,,,,,,,,,,
CUS00893,Lý Đức Cường,Nam,25-34,Hà Nội,12/14/2023,,,,,,,,,,,,
CUS00894,Huỳnh Tuấn Hải,Nam,18-24,Hải Phòng,6/19/2023,,,,,,,,,,,,
CUS00895,Đặng Thị Vân,Nữ,35-44,Hải Phòng,12/31/2024,,,,,,,,,,,,
CUS00896,Vũ Hồng Quỳnh,Nữ,55-64,Hà Nội,11/2/2024,,,,,,,,,,,,
CUS00897,Trần Diệu Anh,Nữ,25-34,Đà Nẵng,1/27/2024,,,,,,,,,,,,
CUS00898,Đỗ Tuấn Nam,Nam,18-24,Đà Lạt,9/6/2023,,,,,,,,,,,,
CUS00899,Đặng Bích Mai,Nữ,55-64,Hạ Long,7/21/2024,,,,,,,,,,,,
CUS00900,Lê Bích Chi,Nữ,55-64,Đà Lạt,2/17/2025,,,,,,,,,,,,
CUS00901,Vũ Thanh Linh,Nữ,35-44,Hải Phòng,8/12/2024,,,,,,,,,,,,
CUS00902,Hồ Diệu Ngọc,Nữ,45-54,Huế,5/15/2025,,,,,,,,,,,,
CUS00903,Lê Gia Hùng,Nam,35-44,Nha Trang,7/20/2023,,,,,,,,,,,,
CUS00904,Lê Đức Kiên,Nam,55-64,Vũng Tàu,6/25/2024,,,,,,,,,,,,
CUS00905,Đặng Ngọc Hương,Nữ,25-34,Buôn Ma Thuột,6/13/2024,,,,,,,,,,,,
CUS00906,Phạm Minh Toàn,Nam,35-44,Đà Lạt,1/9/2024,,,,,,,,,,,,
CUS00907,Nguyễn Gia Hùng,Nam,18-24,Huế,5/3/2024,,,,,,,,,,,,
CUS00908,Dương Bích Hương,Nữ,45-54,Nha Trang,6/25/2024,,,,,,,,,,,,
CUS00909,Huỳnh Bích Lan,Nữ,35-44,Nha Trang,5/22/2024,,,,,,,,,,,,
CUS00910,Hoàng Cẩm Vân,Nữ,55-64,Hạ Long,3/20/2024,,,,,,,,,,,,
CUS00911,Ngô Xuân Quân,Nam,35-44,Huế,10/16/2024,,,,,,,,,,,,
CUS00912,Trần Xuân Vinh,Nam,35-44,Đà Lạt,5/4/2025,,,,,,,,,,,,
CUS00913,Huỳnh Thanh Ngọc,Nữ,25-34,Nha Trang,8/1/2024,,,,,,,,,,,,
CUS00914,Đặng Tuấn Bình,Nam,45-54,Nha Trang,5/24/2025,,,,,,,,,,,,
CUS00915,Nguyễn Tuấn Bình,Nam,35-44,Buôn Ma Thuột,4/1/2024,,,,,,,,,,,,
CUS00916,Lê Văn Quân,Nam,35-44,Buôn Ma Thuột,10/3/2023,,,,,,,,,,,,
CUS00917,Bùi Thuỳ Thủy,Nữ,65+,Hải Phòng,1/6/2024,,,,,,,,,,,,
CUS00918,Bùi Thanh Lan,Nữ,55-64,Vũng Tàu,10/9/2024,,,,,,,,,,,,
CUS00919,Phạm Minh Tú,Nam,25-34,Đà Nẵng,6/16/2024,,,,,,,,,,,,
CUS00920,Đặng Tuấn Vinh,Nam,45-54,TP.HCM,2/25/2024,,,,,,,,,,,,
CUS00921,Huỳnh Hữu Cường,Nam,55-64,Vũng Tàu,10/24/2024,,,,,,,,,,,,
CUS00922,Dương Minh Dũng,Nam,35-44,Nha Trang,4/8/2025,,,,,,,,,,,,
CUS00923,Hồ Tuấn Khánh,Nam,35-44,Cần Thơ,2/16/2025,,,,,,,,,,,,
CUS00924,Đỗ Diệu Bích,Nữ,18-24,Huế,6/24/2024,,,,,,,,,,,,
CUS00925,Võ Diệu Yến,Nữ,18-24,Buôn Ma Thuột,2/5/2024,,,,,,,,,,,,
CUS00926,Phạm Trọng Dũng,Nam,35-44,Huế,4/12/2024,,,,,,,,,,,,
CUS00927,Trần Quang Long,Nam,45-54,Cần Thơ,6/12/2023,,,,,,,,,,,,
CUS00928,Bùi Thuỳ Hạnh,Nữ,35-44,Huế,11/11/2023,,,,,,,,,,,,
CUS00929,Phan Mai Phương,Nữ,55-64,Huế,3/13/2024,,,,,,,,,,,,
CUS00930,Nguyễn Thị Thảo,Nữ,18-24,Đà Nẵng,2/21/2024,,,,,,,,,,,,
CUS00931,Hồ Trọng Kiên,Nam,45-54,Hà Nội,5/13/2024,,,,,,,,,,,,
CUS00932,Trần Tuấn Cường,Nam,65+,Nha Trang,8/27/2024,,,,,,,,,,,,
CUS00933,Phạm Thanh Hải,Nam,55-64,Huế,11/6/2024,,,,,,,,,,,,
CUS00934,Ngô Hồng Hà,Nữ,25-34,Vũng Tàu,11/27/2023,,,,,,,,,,,,
CUS00935,Võ Đức Toàn,Nam,35-44,Hà Nội,6/23/2024,,,,,,,,,,,,
CUS00936,Vũ Tuấn Hải,Nam,55-64,Đà Lạt,5/31/2025,,,,,,,,,,,,
CUS00937,Trần Ngọc Anh,Nữ,35-44,Hạ Long,8/26/2024,,,,,,,,,,,,
CUS00938,Đỗ Đức Kiên,Nam,18-24,Hải Phòng,2/24/2025,,,,,,,,,,,,
CUS00939,Võ Thị Thảo,Nữ,25-34,Đà Lạt,5/17/2024,,,,,,,,,,,,
CUS00940,Vũ Thuỳ Yến,Nữ,45-54,Hải Phòng,4/24/2024,,,,,,,,,,,,
CUS00941,Lý Bích Quỳnh,Nữ,65+,Buôn Ma Thuột,9/22/2023,,,,,,,,,,,,
CUS00942,Phạm Diệu Thủy,Nữ,55-64,Hải Phòng,4/23/2025,,,,,,,,,,,,
CUS00943,Bùi Văn Toàn,Nam,35-44,Hà Nội,2/9/2024,,,,,,,,,,,,
CUS00944,Đỗ Hồng Nhung,Nữ,25-34,Hải Phòng,1/4/2025,,,,,,,,,,,,
CUS00945,Hoàng Tuấn Vinh,Nam,55-64,Buôn Ma Thuột,12/7/2023,,,,,,,,,,,,
CUS00946,Dương Ngọc Thủy,Nữ,55-64,Đà Lạt,10/15/2023,,,,,,,,,,,,
CUS00947,Dương Thuỳ Trang,Nữ,65+,Nha Trang,9/28/2024,,,,,,,,,,,,
CUS00948,Võ Thuỳ Lan,Nữ,18-24,Vũng Tàu,6/1/2024,,,,,,,,,,,,
CUS00949,Lý Minh Sơn,Nam,45-54,Đà Nẵng,11/5/2023,,,,,,,,,,,,
CUS00950,Huỳnh Trọng Hùng,Nam,25-34,Vũng Tàu,5/8/2025,,,,,,,,,,,,
CUS00951,Hoàng Diệu Phương,Nữ,65+,Đà Lạt,1/26/2024,,,,,,,,,,,,
CUS00952,Ngô Mai Lan,Nữ,25-34,Hải Phòng,7/7/2023,,,,,,,,,,,,
CUS00953,Trần Phương Lan,Nữ,55-64,Buôn Ma Thuột,3/10/2024,,,,,,,,,,,,
CUS00954,Trần Thuỳ Lan,Nữ,18-24,Vũng Tàu,7/30/2024,,,,,,,,,,,,
CUS00955,Nguyễn Thị Bích,Nữ,18-24,Huế,6/25/2023,,,,,,,,,,,,
CUS00956,Trần Gia Dũng,Nam,35-44,TP.HCM,1/1/2025,,,,,,,,,,,,
CUS00957,Trần Hồng Bích,Nữ,25-34,Đà Nẵng,12/21/2023,,,,,,,,,,,,
CUS00958,Phan Minh Cường,Nam,35-44,TP.HCM,6/19/2024,,,,,,,,,,,,
CUS00959,Đặng Mai Mai,Nữ,18-24,Cần Thơ,11/27/2023,,,,,,,,,,,,
CUS00960,Ngô Thị Hà,Nữ,18-24,Vũng Tàu,11/25/2024,,,,,,,,,,,,
CUS00961,Võ Tuấn Hùng,Nam,45-54,Nha Trang,4/15/2025,,,,,,,,,,,,
CUS00962,Dương Tuấn Dũng,Nam,35-44,TP.HCM,6/16/2023,,,,,,,,,,,,
CUS00963,Bùi Gia Vinh,Nam,65+,Đà Lạt,4/2/2025,,,,,,,,,,,,
CUS00964,Hoàng Phương Lan,Nữ,65+,Buôn Ma Thuột,5/1/2025,,,,,,,,,,,,
CUS00965,Phạm Thanh Trang,Nữ,35-44,Nha Trang,3/8/2024,,,,,,,,,,,,
CUS00966,Ngô Văn Vinh,Nam,65+,Vũng Tàu,11/7/2023,,,,,,,,,,,,
CUS00967,Đặng Quang Anh,Nam,65+,Vũng Tàu,7/27/2023,,,,,,,,,,,,
CUS00968,Ngô Thuỳ Dung,Nữ,55-64,Hạ Long,1/29/2025,,,,,,,,,,,,
CUS00969,Hồ Thuỳ Lan,Nữ,55-64,Hải Phòng,3/1/2025,,,,,,,,,,,,
CUS00970,Vũ Ngọc Hà,Nữ,65+,Hạ Long,10/22/2024,,,,,,,,,,,,
CUS00971,Nguyễn Thanh Vân,Nữ,55-64,TP.HCM,3/22/2024,,,,,,,,,,,,
CUS00972,Đặng Thị Anh,Nữ,35-44,Hà Nội,3/20/2025,,,,,,,,,,,,
CUS00973,Hoàng Ngọc Lan,Nữ,25-34,Đà Lạt,5/16/2024,,,,,,,,,,,,
CUS00974,Đỗ Tuấn Phát,Nam,45-54,Đà Lạt,10/22/2023,,,,,,,,,,,,
CUS00975,Lý Thanh Anh,Nam,25-34,Vũng Tàu,12/31/2024,,,,,,,,,,,,
CUS00976,Bùi Văn Minh,Nam,65+,Buôn Ma Thuột,11/10/2023,,,,,,,,,,,,
CUS00977,Hồ Xuân Thịnh,Nam,18-24,Cần Thơ,1/24/2025,,,,,,,,,,,,
CUS00978,Võ Hồng Quỳnh,Nữ,35-44,Đà Lạt,3/24/2025,,,,,,,,,,,,
CUS00979,Đỗ Diệu Dung,Nữ,18-24,Hà Nội,8/27/2024,,,,,,,,,,,,
CUS00980,Bùi Thanh Anh,Nam,45-54,Cần Thơ,7/5/2023,,,,,,,,,,,,
CUS00981,Lý Hữu Tú,Nam,18-24,Nha Trang,1/11/2024,,,,,,,,,,,,
CUS00982,Hồ Thị Vân,Nữ,35-44,Vũng Tàu,8/7/2024,,,,,,,,,,,,
CUS00983,Vũ Thanh Long,Nam,45-54,Buôn Ma Thuột,1/13/2024,,,,,,,,,,,,
CUS00984,Đỗ Phương Vân,Nữ,55-64,Hà Nội,10/3/2024,,,,,,,,,,,,
CUS00985,Phan Quang Khánh,Nam,25-34,Buôn Ma Thuột,5/25/2025,,,,,,,,,,,,
CUS00986,Bùi Phương Dung,Nữ,18-24,Hà Nội,8/23/2023,,,,,,,,,,,,
CUS00987,Lê Ngọc Vân,Nữ,35-44,Vũng Tàu,6/30/2023,,,,,,,,,,,,
CUS00988,Dương Đức Nam,Nam,45-54,Đà Nẵng,8/22/2024,,,,,,,,,,,,
CUS00989,Bùi Quang Sơn,Nam,55-64,Hà Nội,10/4/2023,,,,,,,,,,,,
CUS00990,Đặng Xuân Phát,Nam,45-54,Hải Phòng,1/22/2025,,,,,,,,,,,,
CUS00991,Huỳnh Cẩm Lan,Nữ,55-64,Buôn Ma Thuột,3/5/2024,,,,,,,,,,,,
CUS00992,Hoàng Tuấn Thắng,Nam,25-34,Đà Lạt,8/15/2023,,,,,,,,,,,,
CUS00993,Ngô Thanh Linh,Nữ,35-44,Huế,8/5/2023,,,,,,,,,,,,
CUS00994,Ngô Bích Dung,Nữ,55-64,Cần Thơ,12/26/2024,,,,,,,,,,,,
CUS00995,Vũ Gia Tú,Nam,35-44,Nha Trang,12/25/2023,,,,,,,,,,,,
CUS00996,Hoàng Cẩm Quỳnh,Nữ,18-24,Đà Nẵng,7/23/2024,,,,,,,,,,,,
CUS00997,Hoàng Văn Dũng,Nam,25-34,Nha Trang,4/10/2024,,,,,,,,,,,,
CUS00998,Ngô Diệu Linh,Nữ,35-44,Nha Trang,3/28/2024,,,,,,,,,,,,
CUS00999,Hồ Ngọc Hương,Nữ,45-54,Vũng Tàu,1/13/2025,,,,,,,,,,,,
CUS01000,Đỗ Xuân Thắng,Nam,55-64,Vũng Tàu,9/27/2024,,,,,,,,,,,,
CUS01001,Đỗ Văn Phát,Nam,35-44,Nha Trang,6/2/2025,,,,,,,,,,,,
CUS01002,Hồ Quang Vinh,Nam,45-54,Hải Phòng,5/6/2025,,,,,,,,,,,,
CUS01003,Huỳnh Hữu Hùng,Nam,55-64,Nha Trang,8/24/2024,,,,,,,,,,,,
CUS01004,Hoàng Thị Thủy,Nữ,45-54,Đà Nẵng,5/27/2024,,,,,,,,,,,,
CUS01005,Trần Đức Khánh,Nam,55-64,Hạ Long,3/22/2024,,,,,,,,,,,,
CUS01006,Ngô Minh Hải,Nam,35-44,Hạ Long,3/21/2024,,,,,,,,,,,,
CUS01007,Dương Xuân Phát,Nam,18-24,Buôn Ma Thuột,10/17/2024,,,,,,,,,,,,
CUS01008,Trần Gia Toàn,Nam,55-64,Cần Thơ,11/28/2023,,,,,,,,,,,,
CUS01009,Hoàng Xuân Kiên,Nam,45-54,Vũng Tàu,10/11/2024,,,,,,,,,,,,
CUS01010,Lê Phương Yến,Nữ,55-64,Huế,1/17/2024,,,,,,,,,,,,
CUS01011,Lý Xuân Anh,Nam,45-54,Hạ Long,7/14/2024,,,,,,,,,,,,
CUS01012,Nguyễn Thuỳ Dung,Nữ,18-24,Vũng Tàu,4/26/2025,,,,,,,,,,,,
CUS01013,Trần Gia Kiên,Nam,18-24,Vũng Tàu,8/24/2024,,,,,,,,,,,,
CUS01014,Võ Thanh Quân,Nam,35-44,Nha Trang,8/10/2023,,,,,,,,,,,,
CUS01015,Phạm Quang Tuấn,Nam,55-64,TP.HCM,5/28/2024,,,,,,,,,,,,
CUS01016,Đỗ Tuấn Long,Nam,18-24,Nha Trang,9/30/2023,,,,,,,,,,,,
CUS01017,Trần Quang Phát,Nam,65+,Cần Thơ,8/5/2023,,,,,,,,,,,,
CUS01018,Lê Hữu Hùng,Nam,18-24,Hải Phòng,3/25/2025,,,,,,,,,,,,
CUS01019,Đỗ Hồng Nhung,Nữ,25-34,Hà Nội,8/24/2024,,,,,,,,,,,,
CUS01020,Huỳnh Hữu Khánh,Nam,55-64,Vũng Tàu,2/7/2025,,,,,,,,,,,,
CUS01021,Phan Ngọc Hà,Nữ,65+,Hải Phòng,8/1/2023,,,,,,,,,,,,
CUS01022,Vũ Diệu Bích,Nữ,45-54,Buôn Ma Thuột,11/19/2023,,,,,,,,,,,,
CUS01023,Phạm Hữu Nam,Nam,18-24,Hải Phòng,12/31/2024,,,,,,,,,,,,
CUS01024,Ngô Thuỳ Thủy,Nữ,45-54,Đà Nẵng,12/30/2024,,,,,,,,,,,,
CUS01025,Hồ Thanh Mai,Nữ,45-54,Cần Thơ,10/23/2023,,,,,,,,,,,,
CUS01026,Võ Trọng Khánh,Nam,45-54,Hà Nội,10/22/2023,,,,,,,,,,,,
CUS01027,Phan Thuỳ Hạnh,Nữ,18-24,Buôn Ma Thuột,7/5/2024,,,,,,,,,,,,
CUS01028,Trần Thanh Chi,Nữ,65+,Cần Thơ,1/16/2025,,,,,,,,,,,,
CUS01029,Bùi Gia Anh,Nam,25-34,Nha Trang,8/23/2024,,,,,,,,,,,,
CUS01030,Đặng Văn Hải,Nam,25-34,Nha Trang,5/20/2025,,,,,,,,,,,,
CUS01031,Trần Trọng Cường,Nam,25-34,Cần Thơ,5/16/2025,,,,,,,,,,,,
CUS01032,Trần Diệu Ngọc,Nữ,45-54,Hạ Long,9/4/2024,,,,,,,,,,,,
CUS01033,Đỗ Trọng Cường,Nam,45-54,Cần Thơ,1/27/2025,,,,,,,,,,,,
CUS01034,Bùi Hồng Phương,Nữ,65+,Cần Thơ,7/17/2023,,,,,,,,,,,,
CUS01035,Lý Bích Hạnh,Nữ,18-24,Huế,9/18/2024,,,,,,,,,,,,
CUS01036,Trần Thuỳ Mai,Nữ,18-24,Vũng Tàu,2/19/2025,,,,,,,,,,,,
CUS01037,Phạm Diệu Hương,Nữ,35-44,Vũng Tàu,1/11/2024,,,,,,,,,,,,
CUS01038,Lê Gia Khánh,Nam,55-64,Đà Nẵng,2/6/2025,,,,,,,,,,,,
CUS01039,Hoàng Trọng Long,Nam,65+,Hà Nội,9/26/2024,,,,,,,,,,,,
CUS01040,Lê Thanh Tuấn,Nam,25-34,TP.HCM,3/19/2024,,,,,,,,,,,,
CUS01041,Phạm Quang Phát,Nam,45-54,TP.HCM,9/18/2023,,,,,,,,,,,,
CUS01042,Bùi Hồng Hương,Nữ,18-24,Hà Nội,7/16/2023,,,,,,,,,,,,
CUS01043,Trần Bích Trang,Nữ,18-24,Buôn Ma Thuột,1/9/2024,,,,,,,,,,,,
CUS01044,Bùi Thanh Yến,Nữ,25-34,Huế,1/22/2024,,,,,,,,,,,,
CUS01045,Lý Quang Phát,Nam,18-24,Nha Trang,6/28/2023,,,,,,,,,,,,
CUS01046,Hồ Văn Kiên,Nam,25-34,Vũng Tàu,11/15/2024,,,,,,,,,,,,
CUS01047,Võ Trọng Toàn,Nam,35-44,Vũng Tàu,3/16/2025,,,,,,,,,,,,
CUS01048,Dương Diệu Vân,Nữ,18-24,TP.HCM,10/20/2023,,,,,,,,,,,,
CUS01049,Trần Đức Hải,Nam,55-64,Hạ Long,12/18/2024,,,,,,,,,,,,
CUS01050,Vũ Đức Hải,Nam,25-34,Nha Trang,2/20/2025,,,,,,,,,,,,
CUS01051,Huỳnh Cẩm Lan,Nữ,18-24,Nha Trang,6/5/2024,,,,,,,,,,,,
CUS01052,Dương Thanh Thủy,Nữ,18-24,Vũng Tàu,10/18/2023,,,,,,,,,,,,
CUS01053,Lê Minh Toàn,Nam,18-24,Hải Phòng,3/7/2024,,,,,,,,,,,,
CUS01054,Phan Thị Linh,Nữ,65+,Hải Phòng,11/19/2024,,,,,,,,,,,,
CUS01055,Bùi Thanh Vinh,Nam,25-34,Buôn Ma Thuột,9/22/2023,,,,,,,,,,,,
CUS01056,Phan Thị Mai,Nữ,35-44,Huế,4/6/2024,,,,,,,,,,,,
CUS01057,Lý Tuấn Phát,Nam,45-54,Đà Nẵng,10/5/2023,,,,,,,,,,,,
CUS01058,Vũ Quang Khánh,Nam,25-34,Cần Thơ,7/11/2024,,,,,,,,,,,,
CUS01059,Phạm Gia Dũng,Nam,55-64,Hải Phòng,6/8/2023,,,,,,,,,,,,
CUS01060,Lý Thanh Yến,Nữ,25-34,Hà Nội,12/22/2023,,,,,,,,,,,,
CUS01061,Hoàng Hữu Kiên,Nam,55-64,Huế,7/13/2024,,,,,,,,,,,,
CUS01062,Dương Thanh Hương,Nữ,18-24,Hà Nội,2/12/2025,,,,,,,,,,,,
CUS01063,Vũ Trọng Tuấn,Nam,55-64,Đà Lạt,3/17/2025,,,,,,,,,,,,
CUS01064,Nguyễn Trọng Hải,Nam,18-24,TP.HCM,5/7/2025,,,,,,,,,,,,
CUS01065,Hồ Phương Hương,Nữ,45-54,TP.HCM,11/28/2024,,,,,,,,,,,,
CUS01066,Nguyễn Minh Phát,Nam,65+,Cần Thơ,7/11/2024,,,,,,,,,,,,
CUS01067,Nguyễn Ngọc Dung,Nữ,25-34,Đà Lạt,7/9/2023,,,,,,,,,,,,
CUS01068,Huỳnh Hữu Quân,Nam,25-34,Hải Phòng,3/12/2024,,,,,,,,,,,,
CUS01069,Lê Gia Cường,Nam,45-54,Vũng Tàu,7/10/2023,,,,,,,,,,,,
CUS01070,Phạm Xuân Cường,Nam,65+,TP.HCM,1/11/2025,,,,,,,,,,,,
CUS01071,Vũ Thanh Hùng,Nam,18-24,Vũng Tàu,8/21/2024,,,,,,,,,,,,
CUS01072,Bùi Trọng Hùng,Nam,25-34,Đà Lạt,5/3/2024,,,,,,,,,,,,
CUS01073,Ngô Thanh Linh,Nữ,55-64,Đà Nẵng,1/1/2025,,,,,,,,,,,,
CUS01074,Vũ Hồng Lan,Nữ,25-34,Huế,1/14/2024,,,,,,,,,,,,
CUS01075,Lý Đức Toàn,Nam,65+,Vũng Tàu,7/17/2023,,,,,,,,,,,,
CUS01076,Đặng Hồng Anh,Nữ,18-24,TP.HCM,2/18/2024,,,,,,,,,,,,
CUS01077,Hồ Thanh Thủy,Nữ,65+,Đà Lạt,2/16/2025,,,,,,,,,,,,
CUS01078,Nguyễn Thuỳ Thủy,Nữ,18-24,Buôn Ma Thuột,9/3/2023,,,,,,,,,,,,
CUS01079,Ngô Văn Sơn,Nam,65+,Nha Trang,7/27/2023,,,,,,,,,,,,
CUS01080,Đặng Tuấn Kiên,Nam,18-24,Buôn Ma Thuột,2/29/2024,,,,,,,,,,,,
CUS01081,Lê Phương Yến,Nữ,55-64,Hà Nội,12/23/2023,,,,,,,,,,,,
CUS01082,Trần Ngọc Mai,Nữ,25-34,Hạ Long,8/26/2023,,,,,,,,,,,,
CUS01083,Đỗ Gia Long,Nam,25-34,Hà Nội,9/5/2023,,,,,,,,,,,,
CUS01084,Hoàng Gia Phát,Nam,18-24,Hạ Long,3/20/2024,,,,,,,,,,,,
CUS01085,Lý Trọng Thịnh,Nam,25-34,Hạ Long,5/8/2025,,,,,,,,,,,,
CUS01086,Hoàng Thuỳ Trang,Nữ,35-44,Đà Lạt,1/5/2025,,,,,,,,,,,,
CUS01087,Bùi Phương Thủy,Nữ,35-44,Hạ Long,11/13/2023,,,,,,,,,,,,
CUS01088,Lê Tuấn Thịnh,Nam,25-34,Hải Phòng,4/13/2025,,,,,,,,,,,,
CUS01089,Lê Thanh Thịnh,Nam,65+,TP.HCM,8/26/2023,,,,,,,,,,,,
CUS01090,Lê Hồng Hoa,Nữ,65+,TP.HCM,12/12/2023,,,,,,,,,,,,
CUS01091,Phạm Mai Yến,Nữ,35-44,Hạ Long,7/26/2024,,,,,,,,,,,,
CUS01092,Bùi Trọng Nam,Nam,45-54,Hà Nội,11/19/2023,,,,,,,,,,,,
CUS01093,Võ Tuấn Anh,Nam,35-44,Vũng Tàu,1/1/2025,,,,,,,,,,,,
CUS01094,Phan Văn Sơn,Nam,25-34,Đà Lạt,7/24/2023,,,,,,,,,,,,
CUS01095,Bùi Thị Hương,Nữ,65+,Buôn Ma Thuột,8/10/2023,,,,,,,,,,,,
CUS01096,Lý Ngọc Hoa,Nữ,25-34,Nha Trang,2/11/2025,,,,,,,,,,,,
CUS01097,Lý Thanh Kiên,Nam,35-44,Hạ Long,10/1/2024,,,,,,,,,,,,
CUS01098,Nguyễn Minh Hải,Nam,55-64,Đà Lạt,2/27/2025,,,,,,,,,,,,
CUS01099,Dương Hồng Quỳnh,Nữ,18-24,Vũng Tàu,12/13/2024,,,,,,,,,,,,
CUS01100,Phan Thuỳ Hà,Nữ,35-44,Hà Nội,6/22/2024,,,,,,,,,,,,
CUS01101,Võ Cẩm Vân,Nữ,25-34,TP.HCM,6/7/2024,,,,,,,,,,,,
CUS01102,Lý Hồng Linh,Nữ,18-24,Cần Thơ,5/30/2025,,,,,,,,,,,,
CUS01103,Vũ Mai Lan,Nữ,45-54,Hạ Long,10/20/2023,,,,,,,,,,,,
CUS01104,Phan Đức Dũng,Nam,18-24,Đà Lạt,12/27/2023,,,,,,,,,,,,
CUS01105,Hồ Hồng Phương,Nữ,18-24,Hà Nội,12/26/2024,,,,,,,,,,,,
CUS01106,Võ Quang Quân,Nam,45-54,Buôn Ma Thuột,1/19/2024,,,,,,,,,,,,
CUS01107,Hoàng Gia Tuấn,Nam,55-64,Vũng Tàu,7/22/2023,,,,,,,,,,,,
CUS01108,Huỳnh Bích Yến,Nữ,35-44,Hà Nội,11/9/2023,,,,,,,,,,,,
CUS01109,Hồ Hữu Nam,Nam,25-34,Buôn Ma Thuột,8/4/2023,,,,,,,,,,,,
CUS01110,Hồ Gia Dũng,Nam,35-44,Buôn Ma Thuột,5/3/2025,,,,,,,,,,,,
CUS01111,Huỳnh Minh Anh,Nam,18-24,Hải Phòng,9/22/2023,,,,,,,,,,,,
CUS01112,Lý Hồng Dung,Nữ,35-44,TP.HCM,8/14/2024,,,,,,,,,,,,
CUS01113,Bùi Thị Trang,Nữ,25-34,Hà Nội,11/15/2024,,,,,,,,,,,,
CUS01114,Đặng Ngọc Dung,Nữ,55-64,Buôn Ma Thuột,4/3/2025,,,,,,,,,,,,
CUS01115,Đặng Thuỳ Dung,Nữ,25-34,Hạ Long,12/18/2024,,,,,,,,,,,,
CUS01116,Đặng Hồng Yến,Nữ,25-34,Hải Phòng,7/18/2023,,,,,,,,,,,,
CUS01117,Vũ Minh Vinh,Nam,35-44,Cần Thơ,11/25/2023,,,,,,,,,,,,
CUS01118,Lê Ngọc Mai,Nữ,25-34,Nha Trang,1/21/2024,,,,,,,,,,,,
CUS01119,Trần Xuân Thịnh,Nam,18-24,Hạ Long,9/30/2023,,,,,,,,,,,,
CUS01120,Bùi Phương Mai,Nữ,55-64,Cần Thơ,4/28/2024,,,,,,,,,,,,
CUS01121,Đỗ Mai Vân,Nữ,35-44,Nha Trang,7/19/2023,,,,,,,,,,,,
CUS01122,Trần Phương Vân,Nữ,45-54,Đà Lạt,1/26/2024,,,,,,,,,,,,
CUS01123,Nguyễn Thuỳ Hà,Nữ,45-54,Đà Nẵng,4/24/2025,,,,,,,,,,,,
CUS01124,Trần Cẩm Lan,Nữ,18-24,Cần Thơ,5/29/2024,,,,,,,,,,,,
CUS01125,Huỳnh Thanh Tuấn,Nam,65+,Đà Lạt,11/18/2023,,,,,,,,,,,,
CUS01126,Đặng Thị Thảo,Nữ,55-64,Hạ Long,1/2/2024,,,,,,,,,,,,
CUS01127,Hoàng Diệu Hà,Nữ,45-54,Cần Thơ,7/23/2023,,,,,,,,,,,,
CUS01128,Đặng Ngọc Yến,Nữ,65+,Buôn Ma Thuột,7/14/2024,,,,,,,,,,,,
CUS01129,Đỗ Gia Cường,Nam,45-54,Huế,8/21/2024,,,,,,,,,,,,
CUS01130,Đỗ Đức Phát,Nam,18-24,Nha Trang,12/30/2024,,,,,,,,,,,,
CUS01131,Võ Gia Bình,Nam,25-34,Đà Lạt,3/9/2024,,,,,,,,,,,,
CUS01132,Vũ Thanh Hùng,Nam,18-24,Hải Phòng,3/6/2025,,,,,,,,,,,,
CUS01133,Võ Bích Lan,Nữ,45-54,Huế,9/7/2023,,,,,,,,,,,,
CUS01134,Hồ Trọng Nam,Nam,25-34,Cần Thơ,9/11/2023,,,,,,,,,,,,
CUS01135,Hồ Diệu Thảo,Nữ,18-24,Huế,7/18/2024,,,,,,,,,,,,
CUS01136,Nguyễn Bích Hoa,Nữ,25-34,TP.HCM,2/29/2024,,,,,,,,,,,,
CUS01137,Phan Mai Linh,Nữ,45-54,Đà Nẵng,1/21/2024,,,,,,,,,,,,
CUS01138,Huỳnh Trọng Anh,Nam,25-34,Hạ Long,3/1/2024,,,,,,,,,,,,
CUS01139,Bùi Gia Tú,Nam,25-34,Hà Nội,2/19/2025,,,,,,,,,,,,
CUS01140,Ngô Ngọc Yến,Nữ,55-64,Đà Nẵng,6/1/2025,,,,,,,,,,,,
CUS01141,Phạm Bích Ngọc,Nữ,55-64,Đà Lạt,10/25/2023,,,,,,,,,,,,
CUS01142,Nguyễn Hữu Cường,Nam,35-44,Buôn Ma Thuột,3/12/2024,,,,,,,,,,,,
CUS01143,Dương Minh Quân,Nam,65+,Hà Nội,5/10/2025,,,,,,,,,,,,
CUS01144,Đỗ Hữu Bình,Nam,65+,Vũng Tàu,3/29/2024,,,,,,,,,,,,
CUS01145,Đỗ Gia Long,Nam,18-24,Buôn Ma Thuột,1/7/2025,,,,,,,,,,,,
CUS01146,Bùi Mai Linh,Nữ,45-54,Đà Nẵng,12/14/2023,,,,,,,,,,,,
CUS01147,Phan Văn Khánh,Nam,35-44,Đà Lạt,1/25/2025,,,,,,,,,,,,
CUS01148,Đặng Gia Tú,Nam,65+,Huế,1/10/2025,,,,,,,,,,,,
CUS01149,Lê Diệu Hương,Nữ,35-44,Hạ Long,5/3/2024,,,,,,,,,,,,
CUS01150,Hồ Văn Dũng,Nam,55-64,Đà Lạt,11/20/2023,,,,,,,,,,,,
CUS01151,Hoàng Minh Phát,Nam,55-64,Huế,4/1/2024,,,,,,,,,,,,
CUS01152,Võ Xuân Long,Nam,55-64,TP.HCM,1/30/2025,,,,,,,,,,,,
CUS01153,Hồ Thanh Tú,Nam,45-54,Hạ Long,1/28/2024,,,,,,,,,,,,
CUS01154,Dương Xuân Khánh,Nam,25-34,Cần Thơ,9/23/2024,,,,,,,,,,,,
CUS01155,Lý Bích Linh,Nữ,65+,Đà Nẵng,9/21/2023,,,,,,,,,,,,
CUS01156,Lý Cẩm Vân,Nữ,25-34,Đà Lạt,1/6/2025,,,,,,,,,,,,
CUS01157,Phan Hồng Hoa,Nữ,65+,Đà Lạt,4/11/2024,,,,,,,,,,,,
CUS01158,Võ Đức Hải,Nam,45-54,Đà Lạt,6/3/2025,,,,,,,,,,,,
CUS01159,Hoàng Phương Yến,Nữ,18-24,Huế,1/12/2024,,,,,,,,,,,,
CUS01160,Đỗ Trọng Anh,Nam,35-44,Vũng Tàu,1/29/2024,,,,,,,,,,,,
CUS01161,Hoàng Minh Dũng,Nam,55-64,Hà Nội,9/2/2024,,,,,,,,,,,,
CUS01162,Võ Phương Hạnh,Nữ,25-34,TP.HCM,9/9/2023,,,,,,,,,,,,
CUS01163,Lê Đức Tuấn,Nam,55-64,Huế,7/6/2023,,,,,,,,,,,,
CUS01164,Lê Phương Thảo,Nữ,65+,Nha Trang,8/19/2024,,,,,,,,,,,,
CUS01165,Đặng Thị Thảo,Nữ,45-54,Cần Thơ,3/31/2024,,,,,,,,,,,,
CUS01166,Hồ Diệu Hương,Nữ,65+,Hà Nội,3/18/2025,,,,,,,,,,,,
CUS01167,Dương Ngọc Vân,Nữ,25-34,Huế,3/13/2025,,,,,,,,,,,,
CUS01168,Dương Hồng Mai,Nữ,65+,Đà Nẵng,2/4/2024,,,,,,,,,,,,
CUS01169,Võ Hữu Khánh,Nam,25-34,Hạ Long,7/1/2023,,,,,,,,,,,,
CUS01170,Lý Thị Ngọc,Nữ,18-24,TP.HCM,2/11/2025,,,,,,,,,,,,
CUS01171,Trần Trọng Vinh,Nam,18-24,Vũng Tàu,11/21/2024,,,,,,,,,,,,
CUS01172,Huỳnh Quang Sơn,Nam,55-64,Cần Thơ,4/15/2024,,,,,,,,,,,,
CUS01173,Dương Hữu Bình,Nam,35-44,Hạ Long,6/28/2024,,,,,,,,,,,,
CUS01174,Nguyễn Cẩm Hương,Nữ,45-54,Đà Nẵng,11/24/2023,,,,,,,,,,,,
CUS01175,Lê Thị Hương,Nữ,25-34,Hải Phòng,12/12/2023,,,,,,,,,,,,
CUS01176,Dương Hồng Dung,Nữ,65+,Hải Phòng,5/16/2025,,,,,,,,,,,,
CUS01177,Võ Trọng Dũng,Nam,35-44,Hải Phòng,11/5/2024,,,,,,,,,,,,
CUS01178,Lê Gia Hải,Nam,45-54,Nha Trang,6/2/2024,,,,,,,,,,,,
CUS01179,Phan Minh Vinh,Nam,35-44,Hà Nội,10/15/2023,,,,,,,,,,,,
CUS01180,Đặng Tuấn Thắng,Nam,55-64,Đà Lạt,4/20/2025,,,,,,,,,,,,
CUS01181,Phan Quang Minh,Nam,25-34,Hà Nội,12/10/2023,,,,,,,,,,,,
CUS01182,Huỳnh Diệu Yến,Nữ,35-44,Vũng Tàu,4/23/2025,,,,,,,,,,,,
CUS01183,Lê Thuỳ Hà,Nữ,45-54,Đà Nẵng,1/27/2024,,,,,,,,,,,,
CUS01184,Lê Thuỳ Dung,Nữ,25-34,Đà Lạt,2/6/2024,,,,,,,,,,,,
CUS01185,Trần Thuỳ Yến,Nữ,25-34,Nha Trang,10/30/2023,,,,,,,,,,,,
CUS01186,Hồ Minh Minh,Nam,35-44,Đà Nẵng,4/18/2025,,,,,,,,,,,,
CUS01187,Phan Mai Chi,Nữ,25-34,Hải Phòng,1/27/2024,,,,,,,,,,,,
CUS01188,Ngô Quang Hùng,Nam,25-34,Nha Trang,12/2/2023,,,,,,,,,,,,
CUS01189,Dương Trọng Tú,Nam,35-44,Đà Lạt,6/6/2024,,,,,,,,,,,,
CUS01190,Hoàng Trọng Dũng,Nam,55-64,Buôn Ma Thuột,5/12/2025,,,,,,,,,,,,
CUS01191,Đỗ Bích Lan,Nữ,18-24,Huế,6/29/2023,,,,,,,,,,,,
CUS01192,Trần Thuỳ Quỳnh,Nữ,25-34,TP.HCM,8/21/2023,,,,,,,,,,,,
CUS01193,Phạm Gia Anh,Nam,18-24,Hải Phòng,9/25/2024,,,,,,,,,,,,
CUS01194,Đỗ Mai Quỳnh,Nữ,35-44,Đà Lạt,3/18/2024,,,,,,,,,,,,
CUS01195,Đặng Diệu Thủy,Nữ,55-64,Buôn Ma Thuột,9/21/2023,,,,,,,,,,,,
CUS01196,Đỗ Thuỳ Hà,Nữ,35-44,Huế,7/31/2024,,,,,,,,,,,,
CUS01197,Võ Hồng Ngọc,Nữ,35-44,TP.HCM,9/4/2024,,,,,,,,,,,,
CUS01198,Lý Minh Dũng,Nam,45-54,Buôn Ma Thuột,12/9/2024,,,,,,,,,,,,
CUS01199,Lý Thanh Toàn,Nam,65+,Huế,12/13/2024,,,,,,,,,,,,
CUS01200,Phan Ngọc Nhung,Nữ,65+,Đà Lạt,1/31/2025,,,,,,,,,,,,
CUS01201,Lê Diệu Thảo,Nữ,65+,Vũng Tàu,12/11/2023,,,,,,,,,,,,
CUS01202,Dương Mai Dung,Nữ,25-34,Cần Thơ,9/3/2023,,,,,,,,,,,,
CUS01203,Lê Trọng Tuấn,Nam,35-44,Cần Thơ,1/17/2024,,,,,,,,,,,,
CUS01204,Trần Minh Kiên,Nam,35-44,Cần Thơ,6/21/2023,,,,,,,,,,,,
CUS01205,Phan Gia Khánh,Nam,18-24,Hà Nội,11/7/2024,,,,,,,,,,,,
CUS01206,Trần Ngọc Bích,Nữ,65+,Hà Nội,6/15/2023,,,,,,,,,,,,
CUS01207,Nguyễn Thanh Cường,Nam,65+,Hạ Long,6/21/2023,,,,,,,,,,,,
CUS01208,Lý Thị Chi,Nữ,45-54,Huế,10/13/2023,,,,,,,,,,,,
CUS01209,Huỳnh Gia Sơn,Nam,45-54,Huế,11/8/2023,,,,,,,,,,,,
CUS01210,Phan Trọng Phát,Nam,18-24,Huế,8/25/2024,,,,,,,,,,,,
CUS01211,Vũ Bích Trang,Nữ,25-34,Hải Phòng,7/17/2023,,,,,,,,,,,,
CUS01212,Nguyễn Đức Minh,Nam,65+,Vũng Tàu,5/27/2025,,,,,,,,,,,,
CUS01213,Dương Gia Hải,Nam,35-44,Hải Phòng,4/26/2025,,,,,,,,,,,,
CUS01214,Đỗ Thanh Yến,Nữ,35-44,Hà Nội,8/8/2023,,,,,,,,,,,,
CUS01215,Ngô Hồng Trang,Nữ,35-44,Hạ Long,5/3/2025,,,,,,,,,,,,
CUS01216,Đỗ Cẩm Hoa,Nữ,35-44,TP.HCM,12/24/2024,,,,,,,,,,,,
CUS01217,Bùi Phương Chi,Nữ,45-54,Đà Lạt,9/25/2023,,,,,,,,,,,,
CUS01218,Phan Thuỳ Phương,Nữ,18-24,Hạ Long,5/11/2024,,,,,,,,,,,,
CUS01219,Đỗ Thuỳ Hà,Nữ,18-24,Huế,3/30/2024,,,,,,,,,,,,
CUS01220,Hoàng Hữu Anh,Nam,55-64,Đà Nẵng,6/4/2024,,,,,,,,,,,,
CUS01221,Huỳnh Văn Thắng,Nam,45-54,Đà Lạt,6/8/2023,,,,,,,,,,,,
CUS01222,Vũ Mai Vân,Nữ,35-44,Hạ Long,5/8/2024,,,,,,,,,,,,
CUS01223,Lê Đức Vinh,Nam,35-44,Hạ Long,3/14/2024,,,,,,,,,,,,
CUS01224,Phan Thanh Phát,Nam,25-34,Hạ Long,11/11/2023,,,,,,,,,,,,
CUS01225,Huỳnh Mai Hạnh,Nữ,65+,Hải Phòng,5/19/2024,,,,,,,,,,,,
CUS01226,Trần Hữu Thịnh,Nam,35-44,Đà Lạt,11/4/2023,,,,,,,,,,,,
CUS01227,Huỳnh Xuân Vinh,Nam,55-64,Buôn Ma Thuột,1/20/2025,,,,,,,,,,,,
CUS01228,Võ Trọng Tuấn,Nam,55-64,Cần Thơ,3/21/2025,,,,,,,,,,,,
CUS01229,Dương Phương Ngọc,Nữ,18-24,Hà Nội,9/26/2023,,,,,,,,,,,,
CUS01230,Trần Minh Sơn,Nam,35-44,Đà Lạt,1/14/2024,,,,,,,,,,,,
CUS01231,Ngô Xuân Cường,Nam,18-24,Huế,8/1/2024,,,,,,,,,,,,
CUS01232,Hồ Tuấn Long,Nam,55-64,Huế,4/13/2024,,,,,,,,,,,,
CUS01233,Huỳnh Trọng Quân,Nam,55-64,TP.HCM,1/4/2024,,,,,,,,,,,,
CUS01234,Võ Thuỳ Lan,Nữ,45-54,Vũng Tàu,8/21/2024,,,,,,,,,,,,
CUS01235,Hồ Ngọc Hoa,Nữ,18-24,Vũng Tàu,11/12/2024,,,,,,,,,,,,
CUS01236,Đặng Thuỳ Chi,Nữ,65+,TP.HCM,3/28/2025,,,,,,,,,,,,
CUS01237,Đỗ Văn Vinh,Nam,25-34,TP.HCM,12/5/2023,,,,,,,,,,,,
CUS01238,Đặng Hồng Mai,Nữ,45-54,Vũng Tàu,9/23/2024,,,,,,,,,,,,
CUS01239,Hồ Mai Phương,Nữ,25-34,Cần Thơ,4/18/2024,,,,,,,,,,,,
CUS01240,Trần Trọng Nam,Nam,65+,TP.HCM,3/25/2024,,,,,,,,,,,,
CUS01241,Đặng Minh Cường,Nam,45-54,Đà Lạt,6/2/2025,,,,,,,,,,,,
CUS01242,Bùi Thuỳ Lan,Nữ,55-64,Nha Trang,9/14/2023,,,,,,,,,,,,
CUS01243,Trần Thanh Hoa,Nữ,18-24,Đà Nẵng,1/5/2024,,,,,,,,,,,,
CUS01244,Bùi Hữu Thắng,Nam,25-34,Hà Nội,7/14/2024,,,,,,,,,,,,
CUS01245,Trần Thanh Toàn,Nam,25-34,Hải Phòng,8/13/2024,,,,,,,,,,,,
CUS01246,Bùi Gia Quân,Nam,18-24,Hạ Long,5/5/2025,,,,,,,,,,,,
CUS01247,Hồ Thanh Long,Nam,45-54,Nha Trang,2/10/2024,,,,,,,,,,,,
CUS01248,Phạm Ngọc Hương,Nữ,35-44,Đà Nẵng,11/18/2023,,,,,,,,,,,,
CUS01249,Ngô Ngọc Thủy,Nữ,18-24,Đà Nẵng,10/26/2024,,,,,,,,,,,,
CUS01250,Đỗ Thuỳ Hà,Nữ,55-64,Hà Nội,9/4/2024,,,,,,,,,,,,
CUS01251,Phan Tuấn Thắng,Nam,65+,Đà Nẵng,1/3/2024,,,,,,,,,,,,
CUS01252,Võ Gia Thắng,Nam,65+,Huế,6/25/2024,,,,,,,,,,,,
CUS01253,Phạm Ngọc Trang,Nữ,18-24,Buôn Ma Thuột,1/4/2025,,,,,,,,,,,,
CUS01254,Phan Thị Lan,Nữ,35-44,Hà Nội,1/11/2024,,,,,,,,,,,,
CUS01255,Đặng Bích Dung,Nữ,35-44,Đà Nẵng,5/18/2024,,,,,,,,,,,,
CUS01256,Dương Gia Kiên,Nam,45-54,Hải Phòng,5/1/2025,,,,,,,,,,,,
CUS01257,Nguyễn Quang Hùng,Nam,65+,Hạ Long,6/22/2024,,,,,,,,,,,,
CUS01258,Lê Bích Mai,Nữ,35-44,Hạ Long,7/2/2024,,,,,,,,,,,,
CUS01259,Vũ Cẩm Hoa,Nữ,25-34,Vũng Tàu,11/17/2024,,,,,,,,,,,,
CUS01260,Huỳnh Phương Phương,Nữ,45-54,Cần Thơ,2/17/2025,,,,,,,,,,,,
CUS01261,Võ Mai Mai,Nữ,45-54,Cần Thơ,7/25/2024,,,,,,,,,,,,
CUS01262,Lý Hồng Phương,Nữ,65+,Hà Nội,9/25/2024,,,,,,,,,,,,
CUS01263,Lê Hồng Hạnh,Nữ,18-24,Hà Nội,7/18/2023,,,,,,,,,,,,
CUS01264,Lê Cẩm Hương,Nữ,45-54,Hải Phòng,7/7/2023,,,,,,,,,,,,
CUS01265,Ngô Hữu Dũng,Nam,55-64,Hà Nội,6/24/2024,,,,,,,,,,,,
CUS01266,Phạm Quang Dũng,Nam,18-24,Cần Thơ,3/2/2024,,,,,,,,,,,,
CUS01267,Đỗ Văn Tuấn,Nam,35-44,TP.HCM,7/21/2024,,,,,,,,,,,,
CUS01268,Lê Hữu Thịnh,Nam,65+,Đà Nẵng,1/29/2024,,,,,,,,,,,,
CUS01269,Trần Quang Sơn,Nam,45-54,Nha Trang,5/13/2025,,,,,,,,,,,,
CUS01270,Bùi Mai Dung,Nữ,65+,Hà Nội,9/10/2023,,,,,,,,,,,,
CUS01271,Lê Xuân Tú,Nam,45-54,Cần Thơ,10/30/2023,,,,,,,,,,,,
CUS01272,Đặng Văn Tú,Nam,35-44,Buôn Ma Thuột,1/3/2025,,,,,,,,,,,,
CUS01273,Bùi Hồng Ngọc,Nữ,35-44,TP.HCM,12/12/2024,,,,,,,,,,,,
CUS01274,Huỳnh Trọng Long,Nam,45-54,Hạ Long,9/8/2024,,,,,,,,,,,,
CUS01275,Lý Mai Nhung,Nữ,65+,Nha Trang,5/5/2024,,,,,,,,,,,,
CUS01276,Huỳnh Gia Khánh,Nam,35-44,Cần Thơ,3/30/2024,,,,,,,,,,,,
CUS01277,Ngô Ngọc Linh,Nữ,45-54,Buôn Ma Thuột,5/2/2025,,,,,,,,,,,,
CUS01278,Lê Thị Hà,Nữ,25-34,Đà Nẵng,12/1/2024,,,,,,,,,,,,
CUS01279,Lê Đức Minh,Nam,55-64,Hải Phòng,1/16/2025,,,,,,,,,,,,
CUS01280,Đặng Trọng Cường,Nam,25-34,Hạ Long,1/18/2025,,,,,,,,,,,,
CUS01281,Dương Ngọc Ngọc,Nữ,45-54,Đà Nẵng,2/17/2024,,,,,,,,,,,,
CUS01282,Võ Mai Dung,Nữ,18-24,Nha Trang,4/1/2024,,,,,,,,,,,,
CUS01283,Vũ Mai Quỳnh,Nữ,45-54,Hải Phòng,5/20/2024,,,,,,,,,,,,
CUS01284,Huỳnh Cẩm Mai,Nữ,18-24,TP.HCM,2/6/2024,,,,,,,,,,,,
CUS01285,Dương Quang Dũng,Nam,65+,Đà Lạt,12/18/2024,,,,,,,,,,,,
CUS01286,Vũ Hữu Tú,Nam,18-24,Nha Trang,11/8/2023,,,,,,,,,,,,
CUS01287,Bùi Trọng Minh,Nam,35-44,Đà Nẵng,12/11/2024,,,,,,,,,,,,
CUS01288,Phạm Thanh Minh,Nam,18-24,Nha Trang,9/24/2024,,,,,,,,,,,,
CUS01289,Võ Thanh Linh,Nữ,35-44,Vũng Tàu,8/1/2023,,,,,,,,,,,,
CUS01290,Lý Thuỳ Yến,Nữ,55-64,Đà Lạt,3/1/2025,,,,,,,,,,,,
CUS01291,Huỳnh Đức Hải,Nam,45-54,Hạ Long,1/17/2025,,,,,,,,,,,,
CUS01292,Bùi Tuấn Thắng,Nam,55-64,Cần Thơ,5/28/2025,,,,,,,,,,,,
CUS01293,Lê Gia Long,Nam,45-54,Đà Lạt,7/8/2023,,,,,,,,,,,,
CUS01294,Võ Bích Hương,Nữ,65+,Hạ Long,4/14/2025,,,,,,,,,,,,
CUS01295,Dương Văn Quân,Nam,18-24,Nha Trang,11/16/2023,,,,,,,,,,,,
CUS01296,Ngô Văn Anh,Nam,35-44,Hà Nội,1/24/2024,,,,,,,,,,,,
CUS01297,Lý Thuỳ Nhung,Nữ,45-54,Buôn Ma Thuột,10/29/2023,,,,,,,,,,,,
CUS01298,Dương Ngọc Lan,Nữ,55-64,Nha Trang,10/30/2024,,,,,,,,,,,,
CUS01299,Lê Ngọc Linh,Nữ,18-24,Cần Thơ,5/13/2024,,,,,,,,,,,,
CUS01300,Lê Trọng Tuấn,Nam,55-64,Hà Nội,6/2/2024,,,,,,,,,,,,
CUS20250619170901DA5B2F,Trần Nhật Phi,male,,,2025-06-19T17:09:01.297507,phivt1234@gmail.com,941931851.0,25.0,"Vị trí hiện tại (10.8456, 106.8376)",sinh vien,"weight_loss,muscle_gain,healthy_eating","vegetarian,vegan,dairy_free,diabetic","vietnamese,chinese","breakfast,lunch",intermediate,medium,active
CUS2025061917120204F4BA,Trần Nhật Phi,female,,,2025-06-19T17:12:02.220875,phivt12345@gmail.com,941931851.0,25.0,"Vị trí hiện tại (10.8456, 106.8376)",sinh vien,"weight_loss,muscle_gain,healthy_eating","vegan,diabetic","japanese,western,thai","breakfast,lunch,dinner",intermediate,high,active
CUS202506191723222C2ED5,Trần Nhật Phi,male,,,2025-06-19T17:23:22.591657,phivt12345@gmail.com,941931851.0,25.0,"Vị trí hiện tại (10.8456, 106.8376)",sinh vien,"weight_loss,muscle_gain",vegan,chinese,lunch,beginner,medium,active
CUS202506191725070548CD,Trần Nhật Phi,male,,,2025-06-19T17:25:07.318822,phivt1234576@gmail.com,941931851.0,25.0,"Vị trí hiện tại (10.8456, 106.8376)",sinh vien,"weight_loss,muscle_gain",vegetarian,vietnamese,"breakfast,lunch,dinner",advanced,high,active
CUS20250619173317B8CAAE,Trần Nhật Phi,male,,,2025-06-19T17:33:17.161015,phivt123456@gmail.com,987654321.0,25.0,,,"weight_loss,healthy_eating",,"vietnamese,asian","lunch,dinner",intermediate,moderate,active
CUS202506191743431912E2,Trần Nhật Phi,male,,,2025-06-19T17:43:43.879789,phivt1234567@gmail.com,941931851.0,25.0,"Vị trí hiện tại (10.8456, 106.8376)",sinh vien,"weight_loss,muscle_gain,healthy_eating","vegetarian,vegan,dairy_free",chinese,lunch,beginner,medium,active
CUS20250619214036925D46,Trần Nhật Phi,male,,,2025-06-19T21:40:36.948159,phivt1234561@gmail.com,941931851.0,25.0,"Vị trí hiện tại (10.8456, 106.8376)",sinh vien,"weight_loss,muscle_gain,healthy_eating,maintain_weight","vegetarian,vegan",vietnamese,"breakfast,lunch,dinner",beginner,high,active
CUS202506290919464B231A,Trần Nhật Phi,male,,,2025-06-29T09:19:46.634843,phivt123455661@gmail.com,941931851.0,25.0,vũng tàu,sinh vien,"weight_loss,muscle_gain,healthy_eating","vegetarian,vegan",,"breakfast,lunch,dinner",beginner,medium,active
CUS20250629092727BAB020,Trần Nhật Phi,male,,,2025-06-29T09:27:27.937851,phivt123455661@gmail.com,941931851.0,25.0,vũng tàu,sinh vien,"weight_loss,muscle_gain,healthy_eating",vegetarian,vietnamese,"breakfast,dinner,snack",beginner,medium,active
CUS20250629093356C5B1B7,Trần Nhật Phi,female,,,2025-06-29T09:33:56.615046,phivt12345566111@gmail.com,941931851.0,25.0,vũng tàu,sinh vien,"weight_loss,muscle_gain,healthy_eating,maintain_weight","buddhist_vegetarian,no_seafood",vietnamese,"breakfast,lunch,dinner,snack",intermediate,medium,active
CUS202506290936286C8CCA,Trần Nhật Phi,male,,,2025-06-29T09:36:28.162559,phivt123455661111@gmail.com,941931851.0,25.0,vũng tàu,sinh vien,"muscle_gain,maintain_weight","no_pork,no_beef,no_spicy",vietnamese,"breakfast,lunch",beginner,medium,active
CUS20250629094116AD2D50,Trần Nhật Phi,male,,,2025-06-29T09:41:16.994037,phivt1234556611111@gmail.com,941931851.0,25.0,vũng tàu,sinh vien,,vegetarian,vietnamese,"breakfast,dinner",intermediate,medium,active
